792110,Roing,Lower Dibang Valley,ARUNACHAL PRADESH
791102,Pasighat,East Siang,ARUNACHAL PRADESH
792101,Alinye,Dibang Valley,ARUNACHAL PRADESH
791001,Bordumsa Circle,West Siang,ARUNACHAL PRADESH
792102,Chowkham,Lohit,ARUNACHAL PRADESH
792101,Anelih,Dibang Valley,ARUNACHAL PRADESH
792101,NA,Dibang Valley,ARUNACHAL PRADESH
792110,Roing,Lower Dibang Valley,ARUNACHAL PRADESH
791111,Itanagar,Papum Pare,ARUNACHAL PRADESH
791112,Yupia,Papum Pare,ARUNACHAL PRADESH
791104,Mebo,East Siang,ARUNACHAL PRADESH
790104,Tawang,Tawang,ARUNACHAL PRADESH
791001,Bagra,West Siang,ARUNACHAL PRADESH
791102,Pasighat,East Siang,ARUNACHAL PRADESH
790002,Kalaktang,West Kameng,ARUNACHAL PRADESH
791123,Balijan,Papum Pare,ARUNACHAL PRADESH
791101,Bame,West Siang,ARUNACHAL PRADESH
790102,Seppa,East Kameng,ARUNACHAL PRADESH
790102,Seppa,East Kameng,ARUNACHAL PRADESH
791123,Banderdewa,Papum Pare,ARUNACHAL PRADESH
791101,Basar,West Siang,ARUNACHAL PRADESH
791001,Bene,West Siang,ARUNACHAL PRADESH
790114,Bhalukpong,West Kameng,ARUNACHAL PRADESH
792110,Roing,Lower Dibang Valley,ARUNACHAL PRADESH
791102,Pasighat,East Siang,ARUNACHAL PRADESH
791120,Ziro,Lower Subansiri,ARUNACHAL PRADESH
791102,Pasighat,East Siang,ARUNACHAL PRADESH
792110,Roing,Lower Dibang Valley,ARUNACHAL PRADESH
790001,Bomdila,West Kameng,ARUNACHAL PRADESH
792110,Roing,Lower Dibang Valley,ARUNACHAL PRADESH
792056,Bordumsa,Changlang,ARUNACHAL PRADESH
792130,Khonsa,Tirap,ARUNACHAL PRADESH
791104,Mebo,East Siang,ARUNACHAL PRADESH
792120,Bubang,Changlang,ARUNACHAL PRADESH
792104,Hayuliang,Papum Pare,ARUNACHAL PRADESH
792102,Chowkham,Lohit,ARUNACHAL PRADESH
791118,Chambang,Kurung Kumey,ARUNACHAL PRADESH
792120,Changlang,Changlang,ARUNACHAL PRADESH
792001,Tezu,Lohit,ARUNACHAL PRADESH
791113,Itanagar,Lower Subansiri,ARUNACHAL PRADESH
792122,Miao,Changlang,ARUNACHAL PRADESH
792102,Chowkham,Lohit,ARUNACHAL PRADESH
790102,Seppa,East Kameng,ARUNACHAL PRADESH
792130,Khonsa,Tirap,ARUNACHAL PRADESH
790116,Tenga Market,West Kameng,ARUNACHAL PRADESH
791102,Pasighat,Upper Siang,ARUNACHAL PRADESH
791101,Dali,West Siang,ARUNACHAL PRADESH
792110,Roing,Lower Dibang Valley,ARUNACHAL PRADESH
791118,Damin,Kurung Kumey,ARUNACHAL PRADESH
791102,Pasighat,East Siang,ARUNACHAL PRADESH
792001,Tezu,Lohit,ARUNACHAL PRADESH
791122,Daporijo,Upper Subansiri,ARUNACHAL PRADESH
791001,Darak,West Siang,ARUNACHAL PRADESH
791101,Daring,West Siang,ARUNACHAL PRADESH
791001,Darka,West Siang,ARUNACHAL PRADESH
792122,Miao,Changlang,ARUNACHAL PRADESH
791102,Pasighat,East Siang,ARUNACHAL PRADESH
790116,Tenga Market,West Kameng,ARUNACHAL PRADESH
791120,Ziro,Lower Subansiri,ARUNACHAL PRADESH
792129,Deomali,Tirap,ARUNACHAL PRADESH
792110,Roing,Lower Dibang Valley,ARUNACHAL PRADESH
792122,Miao,Changlang,ARUNACHAL PRADESH
790101,Dirang Basti,West Kameng,ARUNACHAL PRADESH
790101,Dirang,West Kameng,ARUNACHAL PRADESH
792103,Namsai,Lohit,ARUNACHAL PRADESH
791112,Diomukh,Papum Pare,ARUNACHAL PRADESH
791113,Itanagar,Papum Pare,ARUNACHAL PRADESH
791122,Dumporijo,Upper Subansiri,ARUNACHAL PRADESH
792110,Roing,Lower Dibang Valley,ARUNACHAL PRADESH
792110,Roing,Lower Dibang Valley,ARUNACHAL PRADESH
792055,Vijoynagar,Changlang,ARUNACHAL PRADESH
791125,Likabali,West Siang,ARUNACHAL PRADESH
791002,Yingkiong,Upper Siang,ARUNACHAL PRADESH
791105,Tuting,Upper Siang,ARUNACHAL PRADESH
791125,Likabali,West Siang,ARUNACHAL PRADESH
791122,Giba,Upper Subansiri,ARUNACHAL PRADESH
790106,Lumla,Tawang,ARUNACHAL PRADESH
791120,Ziro,Lower Subansiri,ARUNACHAL PRADESH
792001,Tezu,Lohit,ARUNACHAL PRADESH
792104,Hayuliang,Papum Pare,ARUNACHAL PRADESH
791102,Pasight,East Siang,ARUNACHAL PRADESH
791121,Kimin,Papum Pare,ARUNACHAL PRADESH
792104,Hayuliang,Papum Pare,ARUNACHAL PRADESH
792104,Hayuliang,Lohit,ARUNACHAL PRADESH
791120,Ziro,Lower Subansiri,ARUNACHAL PRADESH
791103,Pasighat,East Siang,ARUNACHAL PRADESH
791118,Nyapin,Kurung Kumey,ARUNACHAL PRADESH
792129,Deomali,Tirap,ARUNACHAL PRADESH
792110,Roing,Lower Dibang Valley,ARUNACHAL PRADESH
792110,Roing,Lower Dibang Valley,ARUNACHAL PRADESH
792103,Namsai,Changlang,ARUNACHAL PRADESH
791111,Itanagar,Papum Pare,ARUNACHAL PRADESH
792103,Namsai,Lohit,ARUNACHAL PRADESH
792121,Jairampur,Changlang,ARUNACHAL PRADESH
790105,Tang,Tawang,ARUNACHAL PRADESH
792110,Roing,Lower Dibang Valley,ARUNACHAL PRADESH
791120,Ziro,Lower Subansiri,ARUNACHAL PRADESH
792131,Longding,Tirap,ARUNACHAL PRADESH
792130,Khonsa,Tirap,ARUNACHAL PRADESH
790002,Kalaktang,West Kameng,ARUNACHAL PRADESH
791001,Kambang,West Siang,ARUNACHAL PRADESH
792102,Kamlang Nagar,Lohit,ARUNACHAL PRADESH
792130,Kanubari,Tirap,ARUNACHAL PRADESH
792130,Khonsa,Tirap,ARUNACHAL PRADESH
791002,Yingkiong,Upper Siang,ARUNACHAL PRADESH
791001,Kaying,West Siang,ARUNACHAL PRADESH
791102,Pasighat,East Siang,ARUNACHAL PRADESH
792122,Miao,Changlang,ARUNACHAL PRADESH
791112,Doimukh,Papum Pare,ARUNACHAL PRADESH
792130,Khonsa,Tirap,ARUNACHAL PRADESH
790114,Khellong,West Kameng,ARUNACHAL PRADESH
792120,Khemiyong,Changlang,ARUNACHAL PRADESH
790102,Seppa,East Kameng,ARUNACHAL PRADESH
792102,Chowkham,Lohit,ARUNACHAL PRADESH
792056,Kherem Bisa,Changlang,ARUNACHAL PRADESH
792130,Khonsa,Tirap,ARUNACHAL PRADESH
792130,Khonsa,Tirap,ARUNACHAL PRADESH
792130,Khonsa,Tirap,ARUNACHAL PRADESH
792104,Hayulinag,Papum Pare,ARUNACHAL PRADESH
792131,Longding,Tirap,ARUNACHAL PRADESH
792104,Hayuliang,Papum Pare,ARUNACHAL PRADESH
791121,Kimin,Papum Pare,ARUNACHAL PRADESH
790104,Tawang,Tawang,ARUNACHAL PRADESH
791123,Kokila,Papum Pare,ARUNACHAL PRADESH
791118,Koloriang,Kurung Kumey,ARUNACHAL PRADESH
791001,Kombo,West Siang,ARUNACHAL PRADESH
791102,Pasighat,East Siang,ARUNACHAL PRADESH
792110,Roing,Lower Dibang Valley,ARUNACHAL PRADESH
791102,Pasighat,East Siang,ARUNACHAL PRADESH
792110,Roing,Lower Dibang Valley,ARUNACHAL PRADESH
792105,Mahadevpur,Lohit,ARUNACHAL PRADESH
792103,Namsai,Lohit,ARUNACHAL PRADESH
792122,Miao,Changlang,ARUNACHAL PRADESH
790102,Seppa,East Kameng,ARUNACHAL PRADESH
792056,Lallung,Changlang,ARUNACHAL PRADESH
792103,Namsai,Lohit,ARUNACHAL PRADESH
792130,Khonsa,Tirap,ARUNACHAL PRADESH
791102,Pasighat,East Siang,ARUNACHAL PRADESH
791122,Lemiking,Upper Subansiri,ARUNACHAL PRADESH
791122,Lepajaring,Upper Subansiri,ARUNACHAL PRADESH
790105,Jang,Tawang,ARUNACHAL PRADESH
791125,Likabali,West Siang,ARUNACHAL PRADESH
791101,Liromoba,West Siang,ARUNACHAL PRADESH
790101,Lish,West Kameng,ARUNACHAL PRADESH
791001,Logum Jining,West Siang,ARUNACHAL PRADESH
792001,Tezu,Lohit,ARUNACHAL PRADESH
792001,Tezu,Lohit,ARUNACHAL PRADESH
792131,Longding,Tirap,ARUNACHAL PRADESH
792131,Longding,Tirap,ARUNACHAL PRADESH
790104,Tawang,Tawang,ARUNACHAL PRADESH
790106,Lumla,Tawang,ARUNACHAL PRADESH
792105,Mahadevpur,Lohit,ARUNACHAL PRADESH
792122,Miao,Changlang,ARUNACHAL PRADESH
792103,Namsai,Lohit,ARUNACHAL PRADESH
792121,Jairampur,Changlang,ARUNACHAL PRADESH
791002,Yingkiong,Upper Siang,ARUNACHAL PRADESH
791122,Maro,Upper Subansiri,ARUNACHAL PRADESH
791104,Mebo,East Siang,ARUNACHAL PRADESH
791003,Mechuka,West Siang,ARUNACHAL PRADESH
792102,Medo,Lohit,ARUNACHAL PRADESH
792110,Roing,Lower Dibang Valley,ARUNACHAL PRADESH
791119,Ziro,Papum Pare,ARUNACHAL PRADESH
792104,Hayuliang,Papum Pare,ARUNACHAL PRADESH
792122,Miao,Changlang,ARUNACHAL PRADESH
791112,Doimukh,Papum Pare,ARUNACHAL PRADESH
791105,Tuting,Upper Siang,ARUNACHAL PRADESH
792131,Longding,Tirap,ARUNACHAL PRADESH
791110,Naharlagun,Papum Pare,ARUNACHAL PRADESH
792102,Momong,Lohit,ARUNACHAL PRADESH
791001,Monigong,West Siang,ARUNACHAL PRADESH
790105,Jang,Tawang,ARUNACHAL PRADESH
790101,Munna Camp,West Kameng,ARUNACHAL PRADESH
791122,Muri,Upper Subansiri,ARUNACHAL PRADESH
791122,Nacho,Upper Subansiri,ARUNACHAL PRADESH
790001,Nafra,West Kameng,ARUNACHAL PRADESH
791110,Naharlagun,Papum Pare,ARUNACHAL PRADESH
792122,Miao,Changlang,ARUNACHAL PRADESH
792120,Namdang,Changlang,ARUNACHAL PRADESH
792122,Miao,Changlang,ARUNACHAL PRADESH
792103,Namsai,Lohit,ARUNACHAL PRADESH
792123,Nampong,Changlang,ARUNACHAL PRADESH
792103,Namsai,Lohit,ARUNACHAL PRADESH
792129,Namsang,Tirap,ARUNACHAL PRADESH
792129,Namsang Mukh,Tirap,ARUNACHAL PRADESH
791104,Mebo,East Siang,ARUNACHAL PRADESH
792120,Namtok,Changlang,ARUNACHAL PRADESH
792103,Namsai,Lohit,ARUNACHAL PRADESH
791102,Pasighat,East Siang,ARUNACHAL PRADESH
792129,Narottam Nagar,Tirap,ARUNACHAL PRADESH
792056,New Mohang,Changlang,ARUNACHAL PRADESH
792131,Longding,Tirap,ARUNACHAL PRADESH
791104,Mebo,East Siang,ARUNACHAL PRADESH
792131,Longding,Tirap,ARUNACHAL PRADESH
791001,Nikte,West Siang,ARUNACHAL PRADESH
791109,Nirjuli,Papum Pare,ARUNACHAL PRADESH
791118,Nyapin,Kurung Kumey,ARUNACHAL PRADESH
791120,Ziro,Lower Subansiri,ARUNACHAL PRADESH
791102,Pasighat,East Siang,ARUNACHAL PRADESH
790102,Seppa,East Kameng,ARUNACHAL PRADESH
792110,Roing,Lower Dibang Valley,ARUNACHAL PRADESH
791118,Palin,Kurung Kumey,ARUNACHAL PRADESH
790102,Seppa,West Kameng,ARUNACHAL PRADESH
792131,Longding,Tirap,ARUNACHAL PRADESH
791102,Pasighat,East Siang,ARUNACHAL PRADESH
792110,Roing,Lower Dibang Valley,ARUNACHAL PRADESH
791102,Pasighat,East Siang,ARUNACHAL PRADESH
791001,Payum,West Siang,ARUNACHAL PRADESH
791001,NA,Papum Pare,ARUNACHAL PRADESH
792103,Namsai,Lohit,ARUNACHAL PRADESH
790102,Seppa,East Kameng,ARUNACHAL PRADESH
792105,Mahadevpur,Lohit,ARUNACHAL PRADESH
791120,Ziro,Lower Subansiri,ARUNACHAL PRADESH
790001,NA,Papum Pare,ARUNACHAL PRADESH
792056,Rajanagar,Changlang,ARUNACHAL PRADESH
791113,Itanagar,Papum Pare,ARUNACHAL PRADESH
791119,R N Project,Lower Subansiri,ARUNACHAL PRADESH
792120,Changlang,Changlang,ARUNACHAL PRADESH
792120,Ranglum,Changlang,ARUNACHAL PRADESH
791102,Pasighat,East Siang,ARUNACHAL PRADESH
791102,Pasighat,East Siang,ARUNACHAL PRADESH
791102,Pasighat,East Siang,ARUNACHAL PRADESH
792110,Roing,Dibang Valley,ARUNACHAL PRADESH
791102,Pasighat,East Siang,ARUNACHAL PRADESH
791001,Gumgong,West Siang,ARUNACHAL PRADESH
790003,Rupa,West Kameng,ARUNACHAL PRADESH
791112,Saglee,Papum Pare,ARUNACHAL PRADESH
790104,Tawang,Tawang,ARUNACHAL PRADESH
790001,Salari,West Kameng,ARUNACHAL PRADESH
791118,Koloriang,Kurung Kumey,ARUNACHAL PRADESH
790101,Sangti,West Kameng,ARUNACHAL PRADESH
792110,Roing,Lower Dibang Valley,ARUNACHAL PRADESH
791118,Koloriang,Kurung Kumey,ARUNACHAL PRADESH
790103,Seijosa,East Kameng,ARUNACHAL PRADESH
792131,Longding,Tirap,ARUNACHAL PRADESH
790101,Senge,West Kameng,ARUNACHAL PRADESH
790102,Seppa,East Kameng,ARUNACHAL PRADESH
790003,Rupa,West Kameng,ARUNACHAL PRADESH
791002,Yingkiong,Upper Siang,ARUNACHAL PRADESH
791102,Pasighat,East Siang,ARUNACHAL PRADESH
791104,Mebo,East Siang,ARUNACHAL PRADESH
791105,Tuting,Upper Siang,ARUNACHAL PRADESH
790116,Tenga Market,West Kameng,ARUNACHAL PRADESH
791122,Sippi,Upper Subansiri,ARUNACHAL PRADESH
791104,Mebo,East Siang,ARUNACHAL PRADESH
791122,Siyum,Upper Subansiri,ARUNACHAL PRADESH
792129,Soha,Tirap,ARUNACHAL PRADESH
791123,Sonajuli,Papum Pare,ARUNACHAL PRADESH
791113,NA,Papum Pare,ARUNACHAL PRADESH
792111,Sunpura,Lohit,ARUNACHAL PRADESH
791122,Tabarijo,Upper Subansiri,ARUNACHAL PRADESH
792001,Tezu,Lohit,ARUNACHAL PRADESH
791122,Taksing,Upper Subansiri,ARUNACHAL PRADESH
791118,Tali,Kurung Kumey,ARUNACHAL PRADESH
791122,Taliha,Upper Subansiri,ARUNACHAL PRADESH
791120,Ziro,Lower Subansiri,ARUNACHAL PRADESH
791001,Tato,West Siang,ARUNACHAL PRADESH
790104,Tawang,Tawang,ARUNACHAL PRADESH
790104,Tawang,Tawang,ARUNACHAL PRADESH
790116,Tengaf Market,West Kameng,ARUNACHAL PRADESH
790002,Kalaktang,West Kameng,ARUNACHAL PRADESH
792001,Tezu,Lohit,ARUNACHAL PRADESH
792001,Tezu,Lohit,ARUNACHAL PRADESH
790105,Jang,Tawang,ARUNACHAL PRADESH
792130,Khonsa,Tirap,ARUNACHAL PRADESH
790102,Seppa,West Kameng,ARUNACHAL PRADESH
792001,Tezu,Lohit,ARUNACHAL PRADESH
790114,Tippi,West Kameng,ARUNACHAL PRADESH
791101,Tirbin,West Siang,ARUNACHAL PRADESH
792131,Longding,Tirap,ARUNACHAL PRADESH
792130,Khonsa,Tirap,ARUNACHAL PRADESH
791105,Tuting,Upper Siang,ARUNACHAL PRADESH
792055,Vijoynagar,Changlang,ARUNACHAL PRADESH
792103,Namsai,Changlang,ARUNACHAL PRADESH
792130,Khonsa,Tirap,ARUNACHAL PRADESH
790102,Seppa,East Kameng,ARUNACHAL PRADESH
792055,Vijoynagar,Changlang,ARUNACHAL PRADESH
792056,Vijoypur,Changlang,ARUNACHAL PRADESH
791001,Vivek Nagar,West Siang,ARUNACHAL PRADESH
791113,Itanagar,Papum Pare,ARUNACHAL PRADESH
792131,Longding,Tirap,ARUNACHAL PRADESH
792102,Wakro,Lohit,ARUNACHAL PRADESH
792104,Hayuliang,Papum Pare,ARUNACHAL PRADESH
792103,Namsai,Lohit,ARUNACHAL PRADESH
791120,Ziro,Lower Subansiri,ARUNACHAL PRADESH
791102,Pasighat,East Siang,ARUNACHAL PRADESH
792120,Yangkang,Changlang,ARUNACHAL PRADESH
792104,Hayuliang,Papum Pare,ARUNACHAL PRADESH
791119,Ziro,Lower Subansiri,ARUNACHAL PRADESH
792111,Sunpura,Lohit,ARUNACHAL PRADESH
791002,Yingkiong,Upper Siang,ARUNACHAL PRADESH
791001,Yoji Yora,West Siang,ARUNACHAL PRADESH
791001,Yomcha,West Siang,ARUNACHAL PRADESH
791110,Yupia,Papum Pare,ARUNACHAL PRADESH
790106,Lumla,Tawang,ARUNACHAL PRADESH
791120,Ziro,Lower Subansiri,ARUNACHAL PRADESH