362570,Diu,Diu,DAMAN & DIU
362520,Diu,Diu,DAMAN & DIU
362520,Diu,Diu,DAMAN & DIU
362520,Diu,Diu,DAMAN & DIU
362540,Diu U.T.,Diu,DAMAN & DIU
362570,NA,Diu,DAMAN & DIU
396210,Daman,Daman,DAMAN & DIU
396215,Daman,Daman,DAMAN & DIU
396215,Daman,Daman,DAMAN & DIU
396210,Daman,Daman,DAMAN & DIU
396220,Daman,Daman,DAMAN & DIU
396210,Daman,Daman,DAMAN & DIU
396215,Daman,Daman,DAMAN & DIU
396210,Daman,Daman,DAMAN & DIU
396215,Daman,Daman,DAMAN & DIU
396220,Daman,Daman,DAMAN & DIU
396210,Daman,Daman,DAMAN & DIU
396220,Daman,Daman,DAMAN & DIU
396210,Daman,Daman,DAMAN & DIU
396210,Daman,Daman,DAMAN & DIU
