133001,NA,Ambala,HARYANA
134003,Ambala,Ambala,HARYANA
133205,Barara,Ambala,HARYANA
133205,Ambala,Ambala,HARYANA
134203,Panchkula,Ambala,HARYANA
135133,Ambala,Yamuna Nagar,HARYANA
133202,Barara,Ambala,HARYANA
135101,Ambala,Yamuna Nagar,HARYANA
134003,Ambala,Ambala,HARYANA
134003,Ambala,Ambala,HARYANA
133001,NA,Ambala,HARYANA
134203,Panchkula,Ambala,HARYANA
134003,Ambala,Ambala,HARYANA
135002,Ambala,Yamuna Nagar,HARYANA
133206,Ambala,Yamuna Nagar,HARYANA
133301,Kalka,Panchkula,HARYANA
133005,NA,Ambala,HARYANA
135133,Ambala,Yamuna Nagar,HARYANA
135021,Ambala,Yamuna Nagar,HARYANA
134007,NA,Ambala,HARYANA
135103,Ambala,Yamuna Nagar,HARYANA
135003,Ambala,Yamuna Nagar,HARYANA
134007,Ambala,Ambala,HARYANA
134007,Ambala,Ambala,HARYANA
134202,Panchkula,Panchkula,HARYANA
135133,Ambala,Yamuna Nagar,HARYANA
135133,Ambala,Yamuna Nagar,HARYANA
133004,Ambala,Ambala,HARYANA
134203,Naraingarh,Ambala,HARYANA
133201,Ambala,Ambala,HARYANA
133004,Ambala,Ambala,HARYANA
135133,Ambala,Yamuna Nagar,HARYANA
134118,Ambala City Ho,Panchkula,HARYANA
135102,Jagadhri,Yamuna Nagar,HARYANA
134102,Panchkula,Panchkula,HARYANA
134003,Ambala,Ambala,HARYANA
134203,Panchkula,Panchkula,HARYANA
135133,Ambala,Yamuna Nagar,HARYANA
133103,Ambala,Yamuna Nagar,HARYANA
134007,Ambala,Ambala,HARYANA
134118,Ambala,Ambala,HARYANA
134203,Naraingarh,Ambala,HARYANA
134201,Naraingarh,Ambala,HARYANA
135001,Jagadhri,Yamuna Nagar,HARYANA
135003,Ambala,Yamuna Nagar,HARYANA
134205,Panchkula,Panchkula,HARYANA
135106,Yamuna Nagar,Yamuna Nagar,HARYANA
134203,Naraingarh,Ambala,HARYANA
133101,Ambala,Ambala,HARYANA
135102,Jagadhri,Yamuna Nagar,HARYANA
135103,Ambala,Yamuna Nagar,HARYANA
134118,Panchkula,Panchkula,HARYANA
133206,Chhachhrauli,Yamuna Nagar,HARYANA
133005,Ambala,Ambala,HARYANA
135133,Ambala,Yamuna Nagar,HARYANA
134007,Ambala,Ambala,HARYANA
135101,Chhachhrauli,Yamuna Nagar,HARYANA
134104,Kalka,Panchkula,HARYANA
135102,Jagadhri,Yamuna Nagar,HARYANA
135133,Ambala,Yamuna Nagar,HARYANA
134107,Panchkula,Panchkula,HARYANA
134107,Panchkula,Panchkula,HARYANA
135102,Ambala,Yamuna Nagar,HARYANA
134007,Ambala,Ambala,HARYANA
135103,Yamuna Nagar,Yamuna Nagar,HARYANA
133103,Jagadhri,Yamuna Nagar,HARYANA
134102,Panchkula,Panchkula,HARYANA
133102,Ambala,Ambala,HARYANA
133001,Ambala,Ambala,HARYANA
134003,Ambala,Ambala,HARYANA
135003,Chhachhrauli,Yamuna Nagar,HARYANA
134102,Panchkula,Panchkula,HARYANA
135002,Ambala,Yamuna Nagar,HARYANA
134007,Ambala,Ambala,HARYANA
135103,Ambala,Yamuna Nagar,HARYANA
135102,Ambala,Yamuna Nagar,HARYANA
135021,Ambala,Yamuna Nagar,HARYANA
133201,Barara,Ambala,HARYANA
134109,Panchkula,Panchkula,HARYANA
134201,Ambala,Ambala,HARYANA
133203,Barara,Ambala,HARYANA
134007,Ambala,Ambala,HARYANA
133202,Ambala,Ambala,HARYANA
134007,Ambala,Ambala,HARYANA
134007,Ambala,Ambala,HARYANA
133102,Barara,Ambala,HARYANA
133004,Ambala,Ambala,HARYANA
133202,Barara,Ambala,HARYANA
133004,Ambala,Ambala,HARYANA
134201,Ambala,Ambala,HARYANA
133206,Ambala,Yamuna Nagar,HARYANA
135101,Ambala,Yamuna Nagar,HARYANA
134108,Panchkula,Panchkula,HARYANA
133103,Ambala,Yamuna Nagar,HARYANA
134203,Panchkula,Ambala,HARYANA
134202,Panchkula,Ambala,HARYANA
134204,Panchkula,Panchkula,HARYANA
134007,Ambala,Ambala,HARYANA
134007,Ambala,Ambala,HARYANA
135133,Ambala,Yamuna Nagar,HARYANA
133001,Ambala,Ambala,HARYANA
133203,Ambala,Ambala,HARYANA
133103,Ambala,Yamuna Nagar,HARYANA
135133,Ambala,Yamuna Nagar,HARYANA
135001,Yamuna Nagar,Yamuna Nagar,HARYANA
134101,Kalka,Panchkula,HARYANA
135002,Ambala,Yamuna Nagar,HARYANA
133206,Chhachhrauli,Yamuna Nagar,HARYANA
134203,Panchkula,Ambala,HARYANA
134204,Panchkula,Ambala,HARYANA
133103,Ambala,Yamuna Nagar,HARYANA
133001,Ambala,Ambala,HARYANA
134204,Panchkula,Ambala,HARYANA
135002,Ambala,Yamuna Nagar,HARYANA
135133,Ambala,Yamuna Nagar,HARYANA
133204,Ambala,Yamuna Nagar,HARYANA
133201,Ambala,Ambala,HARYANA
134103,Panchkula,Panchkula,HARYANA
133006,Ambala,Ambala,HARYANA
134113,Panchkula,Panchkula,HARYANA
135003,Jagadhri,Yamuna Nagar,HARYANA
135003,NA,Yamuna Nagar,HARYANA
135003,Jagadhri,Yamuna Nagar,HARYANA
135002,Jagadhri,Yamuna Nagar,HARYANA
133103,Ambala,Yamuna Nagar,HARYANA
135101,Ambala,Yamuna Nagar,HARYANA
134007,Ambala,Ambala,HARYANA
134118,Ambala,Panchkula,HARYANA
134005,Ambala city,Ambala,HARYANA
134007,Ambala,Ambala,HARYANA
135133,Ambala,Yamuna Nagar,HARYANA
134201,Ambala City,Ambala,HARYANA
134203,Panchkula,Ambala,HARYANA
135003,Ambala,Yamuna Nagar,HARYANA
135133,Ambala,Yamuna Nagar,HARYANA
133001,Ambala,Ambala,HARYANA
134202,Panchkula,Ambala,HARYANA
134007,Ambala,Ambala,HARYANA
135004,Ambala,Yamuna Nagar,HARYANA
133005,Ambala,Ambala,HARYANA
133103,Jagadhri,Yamuna Nagar,HARYANA
135106,Ambala,Yamuna Nagar,HARYANA
133302,Kalka,Panchkula,HARYANA
133302,Kalka,Panchkula,HARYANA
133104,Ambala,Ambala,HARYANA
133205,Ambala,Ambala,HARYANA
133103,Ambala,Yamuna Nagar,HARYANA
134204,Panchkula,Ambala,HARYANA
134202,Panchkula,Ambala,HARYANA
133205,Ambala,Ambala,HARYANA
134203,Panchkula,Ambala,HARYANA
134007,Ambala,Ambala,HARYANA
133101,Barara,Ambala,HARYANA
133102,Ambala,Ambala,HARYANA
135101,Ambala,Yamuna Nagar,HARYANA
133102,Barara,Ambala,HARYANA
134201,Ambala,Ambala,HARYANA
133302,Kalka,Panchkula,HARYANA
133001,Ambala,Ambala,HARYANA
135003,Yamuna Nagar,Yamuna Nagar,HARYANA
134118,Ambala,Ambala,HARYANA
135003,Ambala,Yamuna Nagar,HARYANA
135004,Ambala,Yamuna Nagar,HARYANA
134204,Panchkula,Panchkula,HARYANA
135021,Yamuna Nagar,Yamuna Nagar,HARYANA
133104,Ambala,Ambala,HARYANA
135133,Ambala,Yamuna Nagar,HARYANA
135102,Jagadhri,Yamuna Nagar,HARYANA
134202,Panchkula,Ambala,HARYANA
134118,Ambala,Ambala,HARYANA
135103,Chhachhrauli,Yamuna Nagar,HARYANA
133004,Ambala,Ambala,HARYANA
134203,Panchkula,Ambala,HARYANA
134203,Panchkula,Ambala,HARYANA
133204,Ambala,Yamuna Nagar,HARYANA
134203,Panchkula,Ambala,HARYANA
135103,Chhachhrauli,Yamuna Nagar,HARYANA
134203,Panchkula,Ambala,HARYANA
133102,Ambala,Ambala,HARYANA
135103,Ambala,Yamuna Nagar,HARYANA
133203,Barara,Ambala,HARYANA
135102,Ambala,Yamuna Nagar,HARYANA
133001,Ambala,Ambala,HARYANA
135106,Ambala,Yamuna Nagar,HARYANA
134102,Panchkula,Panchkula,HARYANA
134204,Panchkula,Ambala,HARYANA
134205,Panchkula,Panchkula,HARYANA
135003,Ambala,Yamuna Nagar,HARYANA
135133,Ambala,Yamuna Nagar,HARYANA
134007,Ambala,Ambala,HARYANA
135102,Ambala,Yamuna Nagar,HARYANA
133202,Ambala,Ambala,HARYANA
134114,Panchkula,Panchkula,HARYANA
133205,Ambala,Ambala,HARYANA
133004,Ambala,Ambala,HARYANA
135102,Ambala,Yamuna Nagar,HARYANA
135102,Ambala,Yamuna Nagar,HARYANA
134007,Ambala,Ambala,HARYANA
134118,Ambala,Panchkula,HARYANA
135101,Ambala,Yamuna Nagar,HARYANA
135003,Ambala,Yamuna Nagar,HARYANA
133204,Ambala,Yamuna Nagar,HARYANA
133104,Ambala,Ambala,HARYANA
135102,Ambala,Yamuna Nagar,HARYANA
134003,Ambala,Ambala,HARYANA
135001,Jagadhri,Yamuna Nagar,HARYANA
133004,Ambala,Ambala,HARYANA
134205,Panchkula,Panchkula,HARYANA
134003,Ambala,Ambala,HARYANA
135001,Jagadhri,Yamuna Nagar,HARYANA
135102,Ambala,Yamuna Nagar,HARYANA
133207,Barara,Ambala,HARYANA
133203,Barara,Ambala,HARYANA
135003,Ambala,Yamuna Nagar,HARYANA
133103,Jagadhri,Yamuna Nagar,HARYANA
135021,Ambala,Yamuna Nagar,HARYANA
135133,Ambala,Yamuna Nagar,HARYANA
135004,Jagadhri,Yamuna Nagar,HARYANA
134007,Ambala,Ambala,HARYANA
133102,Barara,Ambala,HARYANA
135004,Ambala,Yamuna Nagar,HARYANA
133104,Barara,Ambala,HARYANA
134102,Panchkula,Panchkula,HARYANA
134007,Ambala City,Ambala,HARYANA
134203,Ambala City,Ambala,HARYANA
134201,Ambala,Ambala,HARYANA
133204,Ambala,Yamuna Nagar,HARYANA
133004,Ambala,Ambala,HARYANA
135003,Ambala,Yamuna Nagar,HARYANA
133001,Ambala,Ambala,HARYANA
134112,Panchkula,Panchkula,HARYANA
134112,Panchkula,Panchkula,HARYANA
134109,Ambala City,Panchkula,HARYANA
134203,Panchkula,Ambala,HARYANA
134007,Ambala,Ambala,HARYANA
135004,Ambala,Yamuna Nagar,HARYANA
135003,Jagadhri,Yamuna Nagar,HARYANA
133102,Barara,Ambala,HARYANA
134202,Panchkula,Ambala,HARYANA
134201,Ambala,Ambala,HARYANA
133104,Ambala,Ambala,HARYANA
134102,Kalka,Panchkula,HARYANA
135106,Ambala,Yamuna Nagar,HARYANA
133204,Ambala,Yamuna Nagar,HARYANA
134003,Ambala,Ambala,HARYANA
134003,Ambala,Ambala,HARYANA
133001,Ambala,Ambala,HARYANA
135133,Jagadhri,Yamuna Nagar,HARYANA
134109,Panchkula,Panchkula,HARYANA
134003,Ambala,Ambala,HARYANA
134204,Panchkula,Panchkula,HARYANA
134118,Ambala,Panchkula,HARYANA
133201,Ambala,Ambala,HARYANA
133201,Ambala,Ambala,HARYANA
135001,Jagadhri,Yamuna Nagar,HARYANA
134118,Ambala City,Panchkula,HARYANA
135101,Ambala,Yamuna Nagar,HARYANA
133204,Ambala,Yamuna Nagar,HARYANA
134118,Ambala,Panchkula,HARYANA
135101,Ambala,Yamuna Nagar,HARYANA
133001,Ambala,Ambala,HARYANA
133204,Yamuna Nagar,Yamuna Nagar,HARYANA
133204,Chhachhrauli,Yamuna Nagar,HARYANA
133204,Ambala,Yamuna Nagar,HARYANA
133104,Ambala,Ambala,HARYANA
133206,Chhachhrauli,Yamuna Nagar,HARYANA
133204,Ambala,Yamuna Nagar,HARYANA
135103,Chhachhrauli,Yamuna Nagar,HARYANA
133104,Ambala,Ambala,HARYANA
135102,Ambala,Yamuna Nagar,HARYANA
133202,Ambala,Ambala,HARYANA
133206,Yamuna Nagar,Yamuna Nagar,HARYANA
133206,Chhachhrauli,Yamuna Nagar,HARYANA
133005,Ambala,Ambala,HARYANA
134007,Ambala,Ambala,HARYANA
134113,Panchkula,Panchkula,HARYANA
134117,Panchkula,Panchkula,HARYANA
134116,Panchkula,Panchkula,HARYANA
134007,Ambala,Ambala,HARYANA
133205,Ambala,Ambala,HARYANA
135004,Ambala,Yamuna Nagar,HARYANA
133004,Ambala,Ambala,HARYANA
133206,Chhachhrauli,Yamuna Nagar,HARYANA
134202,Ambala City,Ambala,HARYANA
133206,Chhachhrauli,Yamuna Nagar,HARYANA
135133,Ambala,Yamuna Nagar,HARYANA
133203,Barara,Ambala,HARYANA
133201,Ambala,Ambala,HARYANA
134003,Ambala,Ambala,HARYANA
135001,Jagadhri,Yamuna Nagar,HARYANA
134109,Panchkula,Panchkula,HARYANA
135103,Chhachhrauli,Yamuna Nagar,HARYANA
135106,Ambala,Yamuna Nagar,HARYANA
133103,Ambala,Yamuna Nagar,HARYANA
133201,Barara,Ambala,HARYANA
133104,Ambala,Ambala,HARYANA
133203,Barara,Ambala,HARYANA
133004,Ambala,Ambala,HARYANA
134205,Panchkula,Panchkula,HARYANA
135004,Yamuna Nagar,Yamuna Nagar,HARYANA
133205,Ambala,Ambala,HARYANA
134205,Panchkula,Panchkula,HARYANA
134201,Naraingarh,Ambala,HARYANA
133001,Ambala,Ambala,HARYANA
135133,Ambala,Yamuna Nagar,HARYANA
134007,Ambala,Ambala,HARYANA
135003,Ambala,Yamuna Nagar,HARYANA
133205,Barara,Ambala,HARYANA
133103,Ambala,Yamuna Nagar,HARYANA
135001,Yamuna Nagar,Yamuna Nagar,HARYANA
135001,NA,Yamuna Nagar,HARYANA
133206,Chhachhrauli,Yamuna Nagar,HARYANA
127307,Achina,Bhiwani,HARYANA
127308,Dadri,Bhiwani,HARYANA
127030,Biwani,Bhiwani,HARYANA
127026,Dadri,Bhiwani,HARYANA
127025,Dadri,Bhiwani,HARYANA
127310,Dadri,Bhiwani,HARYANA
127026,Dadri,Bhiwani,HARYANA
127031,Bhiwani,Bhiwani,HARYANA
127308,Badhara,Bhiwani,HARYANA
127310,Charkhi Dadri,Bhiwani,HARYANA
127308,Dadri,Bhiwani,HARYANA
127111,Bhiwani,Bhiwani,HARYANA
127032,Bhiwani,Bhiwani,HARYANA
127021,Bhiwani,Bhiwani,HARYANA
127111,Bhiwani,Bhiwani,HARYANA
127201,Loharu,Bhiwani,HARYANA
127026,Dadri,Bhiwani,HARYANA
127032,Bawani Khera,Bhiwani,HARYANA
127045,Siwani,Bhiwani,HARYANA
127201,Loharu,Bhiwani,HARYANA
127025,Baund,Bhiwani,HARYANA
127032,Bawani Khera,Bhiwani,HARYANA
127028,Siwani,Bhiwani,HARYANA
127308,Dadri,Bhiwani,HARYANA
127307,Dadri,Bhiwani,HARYANA
127307,Dadri,Bhiwani,HARYANA
127041,Bhiwani,Bhiwani,HARYANA
127030,Bhiwani,Bhiwani,HARYANA
127043,Bhiwani,Bhiwani,HARYANA
127043,Bhiwani,Bhiwani,HARYANA
127021,Bhiwani,Bhiwani,HARYANA
127035,Bhiwani,Bhiwani,HARYANA
127043,Bhiwani,Bhiwani,HARYANA
127046,Siwani,Bhiwani,HARYANA
127307,Dadri,Bhiwani,HARYANA
127111,Bhiwani,Bhiwani,HARYANA
127026,Charkhi Dadri,Bhiwani,HARYANA
127021,Bhiwani,Bhiwani,HARYANA
127201,Loharu,Bhiwani,HARYANA
127021,Bhiwani,Bhiwani,HARYANA
127201,Loharu,Bhiwani,HARYANA
127021,Bhiwani,Bhiwani,HARYANA
127201,Loharu,Bhiwani,HARYANA
127201,Loharu,Bhiwani,HARYANA
127029,Bhiwani,Bhiwani,HARYANA
127310,Charkhi Dadri,Bhiwani,HARYANA
127308,Dadri,Bhiwani,HARYANA
127022,Dadari,Bhiwani,HARYANA
127027,Bhiwani,Bhiwani,HARYANA
127026,Dadri,Bhiwani,HARYANA
127040,Bhiwani,Bhiwani,HARYANA
127306,Dadri,Bhiwani,HARYANA
127306,Charkhi Dadri,Bhiwani,HARYANA
127306,Dadri,Bhiwani,HARYANA
127022,Ch-dadri,Bhiwani,HARYANA
127040,Bhiwani,Bhiwani,HARYANA
127308,Dadri,Bhiwani,HARYANA
127308,Dadri,Bhiwani,HARYANA
127030,Bhiwani,Bhiwani,HARYANA
127111,Bhiwani,Bhiwani,HARYANA
127040,Bhiwani,Bhiwani,HARYANA
127029,Bhiwani,Bhiwani,HARYANA
127111,Bhiwani,Bhiwani,HARYANA
127030,Bhiwani,Bhiwani,HARYANA
127310,Dadri,Bhiwani,HARYANA
127306,Charkhi Dadri,Bhiwani,HARYANA
127111,Bhiwani,Bhiwani,HARYANA
127031,Bhiwani,Bhiwani,HARYANA
127201,Loharu,Bhiwani,HARYANA
127040,Bhiwani,Bhiwani,HARYANA
127046,Siwani,Bhiwani,HARYANA
127306,Dadri,Bhiwani,HARYANA
127309,Bhiwani,Bhiwani,HARYANA
127201,Loharu,Bhiwani,HARYANA
127111,Bhiwani,Bhiwani,HARYANA
127111,Bhiwani,Bhiwani,HARYANA
127026,Dadri,Bhiwani,HARYANA
127022,Dadri,Bhiwani,HARYANA
127040,Bhiwani,Bhiwani,HARYANA
127032,Bawani Khera,Bhiwani,HARYANA
127201,Loharu,Bhiwani,HARYANA
127309,Dadri,Bhiwani,HARYANA
127046,Siwani,Bhiwani,HARYANA
127040,Bhiwani,Bhiwani,HARYANA
127046,Siwani,Bhiwani,HARYANA
127306,Charkhi Dadri,Bhiwani,HARYANA
127201,Loharu,Bhiwani,HARYANA
127030,Bhiwani,Bhiwani,HARYANA
127030,Bhiwani,Bhiwani,HARYANA
127308,Dadri,Bhiwani,HARYANA
127310,Dadri,Bhiwani,HARYANA
127031,Bhiwani,Bhiwani,HARYANA
127046,Siwani,Bhiwani,HARYANA
127021,Bhiwani,Bhiwani,HARYANA
127111,Bhiwani,Bhiwani,HARYANA
127308,Dadri,Bhiwani,HARYANA
127029,Bhiwani,Bhiwani,HARYANA
127306,Charkhi Dadri,Bhiwani,HARYANA
127043,Bhiwani,Bhiwani,HARYANA
127021,Bhiwani,Bhiwani,HARYANA
127035,Bawani Khera,Bhiwani,HARYANA
127306,Dadri,Bhiwani,HARYANA
127041,Bhiwani,Bhiwani,HARYANA
127310,Charkhi Dadri,Bhiwani,HARYANA
127308,Dadri,Bhiwani,HARYANA
127201,Loharu,Bhiwani,HARYANA
127307,Dadri,Bhiwani,HARYANA
127310,Charkhi Dadri,Bhiwani,HARYANA
127043,Bhiwani,Bhiwani,HARYANA
127046,Siwani,Bhiwani,HARYANA
127030,Bhiwani,Bhiwani,HARYANA
127308,Dadri,Bhiwani,HARYANA
127309,Bhiwani,Bhiwani,HARYANA
127029,Bhiwani,Bhiwani,HARYANA
127308,Dadri,Bhiwani,HARYANA
127114,Bhiwani,Bhiwani,HARYANA
127046,Siwani,Bhiwani,HARYANA
127306,Dadri,Bhiwani,HARYANA
127308,Dadri,Bhiwani,HARYANA
127308,Dadri,Bhiwani,HARYANA
127309,Charkhi Dadri,Bhiwani,HARYANA
127040,Bhiwani,Bhiwani,HARYANA
127114,Bhiwani,Bhiwani,HARYANA
127201,Loharu,Bhiwani,HARYANA
127040,Bhiwani,Bhiwani,HARYANA
127040,Bhiwani,Bhiwani,HARYANA
127046,Siwani,Bhiwani,HARYANA
127306,Dadri,Bhiwani,HARYANA
127035,Bhiwani,Bhiwani,HARYANA
127309,Bhiwani,Bhiwani,HARYANA
127111,Bhiwani,Bhiwani,HARYANA
127041,Bhiwani,Bhiwani,HARYANA
127201,Loharu,Bhiwani,HARYANA
127029,Bhiwani,Bhiwani,HARYANA
127308,Dadri,Bhiwani,HARYANA
127029,Bhiwani,Bhiwani,HARYANA
127046,Siwani,Bhiwani,HARYANA
127029,Bhiwani,Bhiwani,HARYANA
127021,Bhiwani,Bhiwani,HARYANA
127032,Bawani Khera,Bhiwani,HARYANA
127201,Loharu,Bhiwani,HARYANA
127307,Dadri,Bhiwani,HARYANA
127022,Dadri,Bhiwani,HARYANA
127025,Dadri,Bhiwani,HARYANA
127043,Bhiwani,Bhiwani,HARYANA
127032,Bawani Khera,Bhiwani,HARYANA
127308,Dadri,Bhiwani,HARYANA
127043,Bhiwani,Bhiwani,HARYANA
127046,Siwani,Bhiwani,HARYANA
127309,Charkhi Dadri,Bhiwani,HARYANA
127306,Charkhi Dadri,Bhiwani,HARYANA
127029,Bhiwani,Bhiwani,HARYANA
127028,Siwani,Bhiwani,HARYANA
127022,Dadri,Bhiwani,HARYANA
127026,Dadri,Bhiwani,HARYANA
127032,Bawani Khera,Bhiwani,HARYANA
127021,Bhiwani,Bhiwani,HARYANA
127046,Siwani,Bhiwani,HARYANA
127042,Charkhi Dadri,Bhiwani,HARYANA
127031,Bhiwani,Bhiwani,HARYANA
127028,Siwani,Bhiwani,HARYANA
127028,Siwani,Bhiwani,HARYANA
127307,Dadri,Bhiwani,HARYANA
127041,Mundhal,Bhiwani,HARYANA
127201,Loharu,Bhiwani,HARYANA
127046,Siwani,Bhiwani,HARYANA
127111,Biwani,Bhiwani,HARYANA
127308,Dadri,Bhiwani,HARYANA
127310,Charkhi Dadri,Bhiwani,HARYANA
127306,Charkhi Dadri,Bhiwani,HARYANA
127309,Bhiwani,Bhiwani,HARYANA
127028,Siwani,Bhiwani,HARYANA
127028,Siwani,Bhiwani,HARYANA
127306,Charkhi Dadri,Bhiwani,HARYANA
127310,Charkhi Dadri,Bhiwani,HARYANA
127031,Bhiwani,Bhiwani,HARYANA
127035,Bhiwani,Bhiwani,HARYANA
127201,Loharu ,Bhiwani,HARYANA
127028,Siwani,Bhiwani,HARYANA
127310,Charkhi Dadri,Bhiwani,HARYANA
127030,Bhiwani,Bhiwani,HARYANA
127031,Bhiwani,Bhiwani,HARYANA
127032,Bawani Khera,Bhiwani,HARYANA
127111,Bhiwani,Bhiwani,HARYANA
127310,Charkhi Dadri,Bhiwani,HARYANA
127042,Charkhi Dadri,Bhiwani,HARYANA
127026,Charkhi Dadri,Bhiwani,HARYANA
127035,Bhiwani,Bhiwani,HARYANA
127306,Charkhi Dadri,Bhiwani,HARYANA
127027,Bhiwani,Bhiwani,HARYANA
127040,Bhiwani,Bhiwani,HARYANA
127043,Bhiwani,Bhiwani,HARYANA
127035,Bhiwani,Bhiwani,HARYANA
127111,Bhiwani,Bhiwani,HARYANA
127040,Tosham,Bhiwani,HARYANA
127027,Bhiwani,Bhiwani,HARYANA
127306,Charkhi Dadri,Bhiwani,HARYANA
127043,Bhiwani,Bhiwani,HARYANA
127309,Bhiwani,Bhiwani,HARYANA
127042,Charkhi Dadri,Bhiwani,HARYANA
127042,Charkhi Dadri,Bhiwani,HARYANA
127042,Charkhi Dadri,Bhiwani,HARYANA
127306,Charkhi Dadri,Bhiwani,HARYANA
127201,Loharu,Bhiwani,HARYANA
127028,Siwani,Bhiwani,HARYANA
127028,Siwani,Bhiwani,HARYANA
127201,Loharu,Bhiwani,HARYANA
127026,Dadri,Bhiwani,HARYANA
127041,Bhiwani,Bhiwani,HARYANA
127046,Siwani,Bhiwani,HARYANA
127032,Bawanikhera,Bhiwani,HARYANA
127201,Loharu,Bhiwani,HARYANA
127031,Bhiwani,Bhiwani,HARYANA
127029,Bhiwani,Bhiwani,HARYANA
127028,Siwani,Bhiwani,HARYANA
127041,Bhiwani,Bhiwani,HARYANA
127040,Bhiwani,Bhiwani,HARYANA
127031,Bhiwani,Bhiwani,HARYANA
127026,Dadri,Bhiwani,HARYANA
127040,Bhiwani,Bhiwani,HARYANA
127030,Bhiwani,Bhiwani,HARYANA
121102,Palwal,Faridabad,HARYANA
121102,Palwal,Faridabad,HARYANA
121106,Hodal,Faridabad,HARYANA
121102,Palwal,Faridabad,HARYANA
121101,Ballabgarh,Faridabad,HARYANA
121003,Faridabad,Faridabad,HARYANA
121004,Ballabgarh,Faridabad,HARYANA
121102,Palwal,Faridabad,HARYANA
121003,Faridabad,Faridabad,HARYANA
121106,Hodal,Faridabad,HARYANA
121102,Palwal,Faridabad,HARYANA
121102,Palwal,Faridabad,HARYANA
121004,Ballabgarh,Faridabad,HARYANA
121105,Palwal,Faridabad,HARYANA
121101,Ballabgarh,Faridabad,HARYANA
121102,Palwal,Faridabad,HARYANA
121105,Hodal,Faridabad,HARYANA
121004,Ballabgarh,Faridabad,HARYANA
121105,Palwal,Faridabad,HARYANA
121106,Hodal,Faridabad,HARYANA
121107,Hodal,Faridabad,HARYANA
121102,Palwal,Faridabad,HARYANA
121004,Ballabgarh,Faridabad,HARYANA
121101,Ballabgarh,Faridabad,HARYANA
121107,Hodal,Faridabad,HARYANA
121002,Faridabad,Faridabad,HARYANA
121107,Hodal,Faridabad,HARYANA
121101,Ballabgarh,Faridabad,HARYANA
121101,Ballabgarh,Faridabad,HARYANA
121102,Palwal,Faridabad,HARYANA
121004,Ballabgarh,Faridabad,HARYANA
121004,Ballabgarh,Faridabad,HARYANA
121103,Hathin,Faridabad,HARYANA
121102,Palwal,Faridabad,HARYANA
121102,Palwal,Faridabad,HARYANA
121004,Ballabgarh,Faridabad,HARYANA
121004,Ballabgarh,Faridabad,HARYANA
121102,Palwal,Faridabad,HARYANA
121004,Ballabgarh,Faridabad,HARYANA
121105,Palwal,Faridabad,HARYANA
121004,Ballabgarh,Faridabad,HARYANA
121007,Faridabad,Faridabad,HARYANA
121001,Faridabad,Faridabad,HARYANA
121002,Faridabad,Faridabad,HARYANA
121001,Faridabad,Faridabad,HARYANA
121007,Faridabad,Faridabad,HARYANA
121007,Faridabad,Faridabad,HARYANA
121002,Faridabad,Faridabad,HARYANA
121002,Faridabad,Faridabad,HARYANA
121002,Faridabad,Faridabad,HARYANA
121005,Faridabad,Faridabad,HARYANA
121008,Faridabad,Faridabad,HARYANA
121004,Ballabgarh,Faridabad,HARYANA
121006,Ballabgarh,Faridabad,HARYANA
121006,Ballabgarh,Faridabad,HARYANA
121006,Ballabgarh,Faridabad,HARYANA
121101,Ballabgarh,Faridabad,HARYANA
121004,Ballabgarh,Faridabad,HARYANA
121004,Ballabgarh,Faridabad,HARYANA
121001,Faridabad,Faridabad,HARYANA
121006,Ballabgarh,Faridabad,HARYANA
121004,Ballabgarh,Faridabad,HARYANA
121103,Hathin,Faridabad,HARYANA
121103,Hathin,Faridabad,HARYANA
121102,Palwal,Faridabad,HARYANA
121004,Ballabgarh,Faridabad,HARYANA
121106,Hodal,Faridabad,HARYANA
121107,Hodal,Faridabad,HARYANA
121003,Faridabad,Faridabad,HARYANA
121107,Hodal,Faridabad,HARYANA
121103,Hathin,Faridabad,HARYANA
121106,Hodal,Faridabad,HARYANA
121103,Hathin,Faridabad,HARYANA
121001,Faridabad,Faridabad,HARYANA
121102,Palwal,Faridabad,HARYANA
121102,Palwal,Faridabad,HARYANA
121005,Faridabad,Faridabad,HARYANA
121102,Palwal,Faridabad,HARYANA
121004,Ballabgarh,Faridabad,HARYANA
121106,Hodal,Faridabad,HARYANA
121106,Hodal,Faridabad,HARYANA
121105,Palwal,Faridabad,HARYANA
121002,Faridabad,Faridabad,HARYANA
121103,Hathin,Faridabad,HARYANA
121103,Hathin,Faridabad,HARYANA
121101,Ballabgarh,Faridabad,HARYANA
121107,Hodal,Faridabad,HARYANA
121106,Hodal,Faridabad,HARYANA
121004,Ballabgarh,Faridabad,HARYANA
121103,Hathin,Faridabad,HARYANA
121103,Hathin,Faridabad,HARYANA
121103,Hathin,Faridabad,HARYANA
121101,Ballabgarh,Faridabad,HARYANA
121105,Hodal,Faridabad,HARYANA
121106,Hodal,Faridabad,HARYANA
121003,Faridabad,Faridabad,HARYANA
121004,Ballabgarh,Faridabad,HARYANA
121001,Faridabad,Faridabad,HARYANA
121004,Ballabgarh,Faridabad,HARYANA
121105,Hodal,Faridabad,HARYANA
121004,Ballabgarh,Faridabad,HARYANA
121102,Palwal,Faridabad,HARYANA
121001,Faridabad,Faridabad,HARYANA
121001,Faridabad,Faridabad,HARYANA
121001,Faridabad,Faridabad,HARYANA
121010,Faridabad,Faridabad,HARYANA
121004,Ballabgarh,Faridabad,HARYANA
121102,Palwal,Faridabad,HARYANA
121004,Ballabgarh,Faridabad,HARYANA
121105,Palwal,Faridabad,HARYANA
121102,Palwal,Faridabad,HARYANA
121102,Palwal,Faridabad,HARYANA
121103,Hathin,Faridabad,HARYANA
121004,Ballabgarh,Faridabad,HARYANA
121013,Faridabad,Faridabad,HARYANA
121012,Faridabad,Faridabad,HARYANA
121102,Palwal,Faridabad,HARYANA
121004,Ballabgarh,Faridabad,HARYANA
121105,Hodal,Faridabad,HARYANA
121102,Palwal,Faridabad,HARYANA
121102,Palwal,Faridabad,HARYANA
121106,Hodal,Faridabad,HARYANA
121009,Faridabad,Faridabad,HARYANA
121107,Hodal,Faridabad,HARYANA
121102,Palwal,Faridabad,HARYANA
121101,Ballabgarh,Faridabad,HARYANA
121003,Faridabad,Faridabad,HARYANA
121103,Hathin,Faridabad,HARYANA
122104,NA,Gurgaon,HARYANA
123102,Ahrod,Rewari,HARYANA
122005,Air Force,Gurgaon,HARYANA
123023,Akberpur,Mahendragarh,HARYANA
122107,NA,Gurgaon,HARYANA
123029,Akoda,Mahendragarh,HARYANA
122001,Arjun Nagar,Gurgaon,HARYANA
123501,Bawal,Mahendragarh,HARYANA
123035,Rewari,Rewari,HARYANA
123001,Azamabad Mukhota,Mahendragarh,HARYANA
123401,B B Ashram,Rewari,HARYANA
123021,Mandi Ateli,Rewari,HARYANA
123023,Narnaul,Mahendragarh,HARYANA
122508,NA,Gurgaon,HARYANA
123412,Rewari,Rewari,HARYANA
122508,NA,Gurgaon,HARYANA
122101,Badshahpur,Gurgaon,HARYANA
123021,Narnaul,Mahendragarh,HARYANA
122105,Tauru,Gurgaon,HARYANA
123027,Baghot,Mahendragarh,HARYANA
123501,Baghthala,Rewari,HARYANA
123028,Bairawas,Mahendragarh,HARYANA
123411,Rewari,Rewari,HARYANA
123103,Rewari,Rewari,HARYANA
123501,Banipur,Rewari,HARYANA
123024,Barda,Mahendragarh,HARYANA
123001,Barkoda,Mahendragarh,HARYANA
122006,NA,Gurgaon,HARYANA
123029,Basai,Mahendragarh,HARYANA
122001,Basai Road,Gurgaon,HARYANA
123101,Basbatori,Rewari,HARYANA
123102,Basduda,Rewari,HARYANA
123001,Bashirpur,Mahendragarh,HARYANA
122503,NA,Gurgaon,HARYANA
122503,NA,Gurgaon,HARYANA
123501,Bawal,Mahendragarh,HARYANA
123029,Bawana,Mahendragarh,HARYANA
123034,Bawania,Mahendragarh,HARYANA
123303,Bawwa,Mahendragarh,HARYANA
123023,Bayal,Mahendragarh,HARYANA
123021,Behali,Mahendragarh,HARYANA
123029,Beri,Mahendragarh,HARYANA
123021,Bewal,Mahendragarh,HARYANA
122104,NA,Gurgaon,HARYANA
122108,NA,Gurgaon,HARYANA
123302,Bhakli,Rewari,HARYANA
122505,NA,Gurgaon,HARYANA
123027,Bharaf,Mahendragarh,HARYANA
123106,Bhatsana,Rewari,HARYANA
122103,NA,Gurgaon,HARYANA
123021,Narnaul,Mahendragarh,HARYANA
123034,Bhojawas,Rewari,HARYANA
122102,Bhondsi,Gurgaon,HARYANA
122413,Bhorakalan,Gurgaon,HARYANA
123101,Bhotwas Ahir,Rewari,HARYANA
123034,Mahendergarh,Mahendragarh,HARYANA
123023,Bhaungerka,Mahendragarh,HARYANA
123001,Bhushan Kalan,Mahendragarh,HARYANA
122508,NA,Gurgaon,HARYANA
123401,Bikaner,Rewari,HARYANA
122413,NA,Gurgaon,HARYANA
123303,Bisowa,Mahendragarh,HARYANA
122508,NA,Gurgaon,HARYANA
123401,Bithwana,Rewari,HARYANA
123021,Mandi Ateli,Rewari,HARYANA
123401,Boria Kamalpur,Rewari,HARYANA
122108,NA,Gurgaon,HARYANA
123029,Buddin,Mahendragarh,HARYANA
122505,NA,Gurgaon,HARYANA
123401,Budhpur,Rewari,HARYANA
123023,Budhwa,Mahendragarh,HARYANA
123411,Buroli,Rewari,HARYANA
123302,Bhrthala,Rewari,HARYANA
123029,C R Mgrh,Mahendragarh,HARYANA
122017,NA,Gurgaon,HARYANA
122002,NA,Gurgaon,HARYANA
122103,NA,Gurgaon,HARYANA
122502,NA,Gurgaon,HARYANA
123001,Chillro,Mahendragarh,HARYANA
123102,Chita Dungra,Rewari,HARYANA
123027,Chitrauli,Mahendragarh,HARYANA
123411,Dahina,Mahendragarh,HARYANA
123411,Dakhora,Rewari,HARYANA
123024,Dalanwas,Mahendragarh,HARYANA
122102,NA,Gurgaon,HARYANA
123028,Daroli Ahir,Mahendragarh,HARYANA
123411,Daroli,Rewari,HARYANA
122103,NA,Gurgaon,HARYANA
122006,NA,Gurgaon,HARYANA
123401,Dehlawas Gulabpur,Rewari,HARYANA
123034,Dewas,Rewari,HARYANA
123029,Dhadhot,Mahendragarh,HARYANA
123034,Dhana,Rewari,HARYANA
123027,Dhanaunda,Mahendragarh,HARYANA
122413,NA,Gurgaon,HARYANA
122505,NA,Gurgaon,HARYANA
123001,Dhanota,Mahendragarh,HARYANA
123412,Dharan,Mahendragarh,HARYANA
123001,Dharson,Mahendragarh,HARYANA
123106,Dharuhera,Rewari,HARYANA
123103,Dhawana,Rewari,HARYANA
123023,Dholera,Mahendragarh,HARYANA
123001,Dhor Kalan,Mahendragarh,HARYANA
123024,Digrota,Mahendragarh,HARYANA
122008,Dlf Ph-ii,Gurgaon,HARYANA
122010,Dlf Ph-iii,Gurgaon,HARYANA
122002,Dlf Qe,Gurgaon,HARYANA
123001,Dochana,Mahendragarh,HARYANA
122104,NA,Gurgaon,HARYANA
123021,Dongra Ahir,Mahendragarh,HARYANA
123001,Narnaul,Mahendragarh,HARYANA
123029,Dulana,Mahendragarh,HARYANA
123021,Dulat Jat,Mahendragarh,HARYANA
122105,NA,Gurgaon,HARYANA
123029,Dulot Ahir,Mahendragarh,HARYANA
122016,NA,Gurgaon,HARYANA
123106,Dunderwas,Rewari,HARYANA
123106,NA,Gurgaon,HARYANA
122506,Farrukh Nagar,Gurgaon,HARYANA
122101,NA,Gurgaon,HARYANA
122104,Ferozepur Jhirka,Gurgaon,HARYANA
122107,NA,Gurgaon,HARYANA
122009,Galleria Dlf-iv,Gurgaon,HARYANA
123021,Ganiar,Mahendragarh,HARYANA
123021,Garhi,Mahendragarh,HARYANA
123401,Garhi Bolni,Rewari,HARYANA
122505,Garhi Harsaru,Gurgaon,HARYANA
122102,NA,Gurgaon,HARYANA
122103,NA,Gurgaon,HARYANA
122103,NA,Gurgaon,HARYANA
123401,Rewari,Rewari,HARYANA
123401,Gokalgarh,Rewari,HARYANA
123021,Gokalpur,Mahendragarh,HARYANA
123023,Golwa,Mahendragarh,HARYANA
123102,Gothra,Rewari,HARYANA
123411,Gothera,Rewari,HARYANA
123302,Gugodh,Rewari,HARYANA
123501,Gujar Majra,Rewari,HARYANA
123021,Gujarwas,Mahendragarh,HARYANA
122508,NA,Gurgaon,HARYANA
123035,Guraora,Rewari,HARYANA
122001,Sadar Bazar,Gurgaon,HARYANA
122001,Gurgaon Kty.,Gurgaon,HARYANA
122001,Sector-17,Gurgaon,HARYANA
122003,Sector -45,Gurgaon,HARYANA
122011,NA,Gurgaon,HARYANA
122001,NA,Gurgaon,HARYANA
122018,NA,Gurgaon,HARYANA
122006,NA,Gurgaon,HARYANA
123027,Gurha,Mahendragarh,HARYANA
123301,Guriani,Rewari,HARYANA
122003,NA,Gurgaon,HARYANA
122504,Haillymandi,Gurgaon,HARYANA
123001,Hamidpur,Mahendragarh,HARYANA
122105,NA,Gurgaon,HARYANA
122104,NA,Gurgaon,HARYANA
123001,Hudina,Mahendragarh,HARYANA
122052,Manesar,Gurgaon,HARYANA
122414,NA,Gurgaon,HARYANA
122103,NA,Gurgaon,HARYANA
123110,Dharuhera,Rewari,HARYANA
122016,Industrial Complex Dundahera,Gurgaon,HARYANA
122007,Industrial Estate,Gurgaon,HARYANA
122502,NA,Gurgaon,HARYANA
123501,Jaisinghpur Khera,Rewari,HARYANA
122502,NA,Gurgaon,HARYANA
123301,Jakhala,Rewari,HARYANA
122508,NA,Gurgaon,HARYANA
122503,NA,Gurgaon,HARYANA
122503,NA,Gurgaon,HARYANA
122502,NA,Gurgaon,HARYANA
123024,Jarwa,Mahendragarh,HARYANA
122504,NA,Gurgaon,HARYANA
122504,NA,Gurgaon,HARYANA
123401,Jatusana Rs,Rewari,HARYANA
122105,NA,Gurgaon,HARYANA
123501,Jhabuwa,Rewari,HARYANA
123034,Jhagroli,Rewari,HARYANA
123302,Jhal,Rewari,HARYANA
122105,Tauru,Gurgaon,HARYANA
123303,Jharoda,Mahendragarh,HARYANA
122003,NA,Gurgaon,HARYANA
123303,Jhoiri,Mahendragarh,HARYANA
123029,Jhook,Mahendragarh,HARYANA
123302,Juddi,Rewari,HARYANA
122101,NA,Gurgaon,HARYANA
122502,NA,Gurgaon,HARYANA
123027,Kakrola,Mahendragarh,HARYANA
122105,NA,Gurgaon,HARYANA
123001,Kamania,Mahendragarh,HARYANA
123027,Kanina Mandi,Mahendragarh,HARYANA
123027,Kanina,Mahendragarh,HARYANA
123401,Gurgaon,Gurgaon,HARYANA
123035,Kannaura,Rewari,HARYANA
123021,Kanti,Mahendragarh,HARYANA
123021,Kanti Kheri,Mahendragarh,HARYANA
123411,Kanwali,Rewari,HARYANA
123001,Kanwi,Mahendragarh,HARYANA
123035,Karawara,Rewari,HARYANA
123302,Karnawas,Rewari,HARYANA
123401,Karnawas,Rewari,HARYANA
122504,NA,Gurgaon,HARYANA
123303,Karoli,Mahendragarh,HARYANA
123001,Karota,Mahendragarh,HARYANA
122051,NA,Gurgaon,HARYANA
123103,Khaleta,Rewari,HARYANA
122502,Khalilpur,Gurgaon,HARYANA
122504,NA,Gurgaon,HARYANA
123401,Khandora,Rewari,HARYANA
122004,NA,Gurgaon,HARYANA
122001,Gurgaon,Gurgaon,HARYANA
123106,Kharkhara,Rewari,HARYANA
122414,NA,Gurgaon,HARYANA
123029,Khatod,Mahendragarh,HARYANA
122506,NA,Gurgaon,HARYANA
123027,Kheri,Mahendragarh,HARYANA
122004,NA,Gurgaon,HARYANA
122102,NA,Gurgaon,HARYANA
122103,Sohna,Gurgaon,HARYANA
123103,Khol,Rewari,HARYANA
122414,NA,Gurgaon,HARYANA
123101,Khori,Rewari,HARYANA
123029,Khudana,Mahendragarh,HARYANA
122103,NA,Gurgaon,HARYANA
123303,Kohrar,Mahendragarh,HARYANA
123102,Kolana,Rewari,HARYANA
123001,Koriawas,Mahendragarh,HARYANA
123302,Kosli R S,Rewari,HARYANA
123302,Kosli,Rewari,HARYANA
123028,Kothal Khurd,Mahendragarh,HARYANA
123027,Kotia,Mahendragarh,HARYANA
123001,Krishan Nagar,Mahendragarh,HARYANA
123001,Kultazpur,Mahendragarh,HARYANA
123102,Kund,Rewari,HARYANA
123029,Kurawata,Mahendragarh,HARYANA
122107,NA,Gurgaon,HARYANA
122004,NA,Gurgaon,HARYANA
123029,Lawan,Mahendragarh,HARYANA
123303,Lilodh,Mahendragarh,HARYANA
123411,Lisan,Rewari,HARYANA
122508,NA,Gurgaon,HARYANA
122414,NA,Gurgaon,HARYANA
123303,Lookhi,Mahendragarh,HARYANA
123302,Lula Ahir,Rewari,HARYANA
123001,Madhana Kalan,Mahendragarh,HARYANA
123024,Madhogarh,Mahendragarh,HARYANA
123106,Maheshwari,Rewari,HARYANA
123401,Majra Gurdas,Rewari,HARYANA
123401,Majra Sheoraj  majra Sheoraj,Rewari,HARYANA
122107,NA,Gurgaon,HARYANA
123101,Mamaria Ahir,Rewari,HARYANA
123021,Mandi Ateli,Rewari,HARYANA
123001,Mandi,Mahendragarh,HARYANA
122108,NA,Gurgaon,HARYANA
123029,Mandola,Mahendragarh,HARYANA
123103,Mandola,Rewari,HARYANA
122051,NA,Gurgaon,HARYANA
122505,Garhi Harsaru,Gurgaon,HARYANA
122102,NA,Gurgaon,HARYANA
123106,Masani,Rewari,HARYANA
123401,Mastapur,Rewari,HARYANA
123103,Mayan,Rewari,HARYANA
122504,NA,Gurgaon,HARYANA
122001,Mini Sectt.,Gurgaon,HARYANA
123001,Narnaul,Mahendragarh,HARYANA
122502,NA,Gurgaon,HARYANA
123401,Rewari,Rewari,HARYANA
122105,NA,Gurgaon,HARYANA
123401,Mohanpur,Rewari,HARYANA
123029,Mohindergarh,Mahendragarh,HARYANA
122413,NA,Gurgaon,HARYANA
122108,NA,Gurgaon,HARYANA
123411,Motla Kalan,Rewari,HARYANA
123411,Mundi,Rewari,HARYANA
123401,Musepur,Rewari,HARYANA
123023,Narnaul,Mahendragarh,HARYANA
122108,Nagina,Gurgaon,HARYANA
123303,Nahar,Rewari,HARYANA
122508,NA,Gurgaon,HARYANA
122508,NA,Gurgaon,HARYANA
123501,Naichana,Rewari,HARYANA
123106,Nand Rampurbas,Rewari,HARYANA
123501,Nangal,Rewari,HARYANA
123023,Narnaul,Mahendragarh,HARYANA
123023,Nangal Dargu,Mahendragarh,HARYANA
123102,Nangal Jamalpur,Rewari,HARYANA
123001,Nagal Katha,Mahendragarh,HARYANA
123401,Nangal Pathani,Rewari,HARYANA
123501,Bawal,Mahendragarh,HARYANA
123028,Nangal Sirohi,Mahendragarh,HARYANA
123501,Nangal Teju,Rewari,HARYANA
123024,Nangalmala,Mahendragarh,HARYANA
123401,Nangli Godha,Rewari,HARYANA
122414,Nanukalan,Gurgaon,HARYANA
122503,NA,Gurgaon,HARYANA
123001,Narnaul,Mahendragarh,HARYANA
123001,Civil Line,Mahendragarh,HARYANA
123001,Narnaul,Mahendragarh,HARYANA
122004,Narsinghpur,Gurgaon,HARYANA
122002,NA,Gurgaon,HARYANA
123027,Nautana,Mahendragarh,HARYANA
123024,Nawan,Mahendragarh,HARYANA
123303,Naigawan,Mahendragarh,HARYANA
123001,Neerpur,Mahendragarh,HARYANA
123303,Nehrugarh,Mahendragarh,HARYANA
123401,New Anaz Mandi Rewari,Rewari,HARYANA
122001,New Colony,Gurgaon,HARYANA
123023,Niamatpur,Mahendragarh,HARYANA
123028,Nihalawas,Mahendragarh,HARYANA
123029,Nimbi,Mahendragarh,HARYANA
123411,Nimoth,Rewari,HARYANA
123001,Nizampur R.s.,Mahendragarh,HARYANA
122504,NA,Gurgaon,HARYANA
122051,Nsg Camp Manesar,Gurgaon,HARYANA
122107,Nuh,Gurgaon,HARYANA
122413,NA,Gurgaon,HARYANA
122502,NA,Gurgaon,HARYANA
122015,Palam Road,Gurgaon,HARYANA
122017,Palam Vihar,Gurgaon,HARYANA
123035,Palhawas,Rewari,HARYANA
123102,Pali,Rewari,HARYANA
123029,Pali,Mahendragarh,HARYANA
123029,Palri Panihara,Mahendragarh,HARYANA
122101,NA,Gurgaon,HARYANA
122503,Pataudi,Gurgaon,HARYANA
123034,Pathera,Rewari,HARYANA
123024,Patherwa,Mahendragarh,HARYANA
122413,NA,Gurgaon,HARYANA
122506,NA,Gurgaon,HARYANA
122508,NA,Gurgaon,HARYANA
123101,Rewari,Rewari,HARYANA
123027,Pota,Mahendragarh,HARYANA
123501,Pranpura,Rewari,HARYANA
122508,Punhana,Gurgaon,HARYANA
123101,Punsika,Rewari,HARYANA
122006,Railway Road,Gurgaon,HARYANA
122102,NA,Gurgaon,HARYANA
123412,Rajgarh,Rewari,HARYANA
123106,Raliawas,Rewari,HARYANA
123027,Rambas,Mahendragarh,HARYANA
122502,NA,Gurgaon,HARYANA
123411,Rampuri,Rewari,HARYANA
123027,Rasoolpur,Mahendragarh,HARYANA
122105,NA,Gurgaon,HARYANA
123021,Rattan Kalan,Mahendragarh,HARYANA
123301,Rattanthal,Rewari,HARYANA
122104,NA,Gurgaon,HARYANA
122508,NA,Gurgaon,HARYANA
123401,Rewari,Rewari,HARYANA
122103,NA,Gurgaon,HARYANA
122102,NA,Gurgaon,HARYANA
123401,Rohrai,Rewari,HARYANA
122103,NA,Gurgaon,HARYANA
123302,Sadat Nagar,Rewari,HARYANA
123401,Saharanwas,Rewari,HARYANA
122108,NA,Gurgaon,HARYANA
123401,Sangwari,Rewari,HARYANA
123021,Narnaul,Mahendragarh,HARYANA
123023,Sareli,Mahendragarh,HARYANA
122015,NA,Gurgaon,HARYANA
123024,Satnali,Mahendragarh,HARYANA
123027,Sehlong,Mahendragarh,HARYANA
123028,Sehma,Mahendragarh,HARYANA
122506,NA,Gurgaon,HARYANA
122508,NA,Gurgaon,HARYANA
122502,NA,Gurgaon,HARYANA
122001,Shivaji Nagar,Gurgaon,HARYANA
123302,Shayam Nagar,Rewari,HARYANA
123024,Shyampura,Mahendragarh,HARYANA
123027,Siana,Mahendragarh,HARYANA
122413,NA,Gurgaon,HARYANA
123411,Siha,Rewari,HARYANA
123027,Sihore,Mahendragarh,HARYANA
122508,NA,Gurgaon,HARYANA
122004,NA,Gurgaon,HARYANA
122004,NA,Gurgaon,HARYANA
122508,NA,Gurgaon,HARYANA
122508,NA,Gurgaon,HARYANA
123023,Sirohi Behali,Mahendragarh,HARYANA
122003,NA,Gurgaon,HARYANA
122001,Sohna Adda,Gurgaon,HARYANA
122103,Sohna,Gurgaon,HARYANA
122107,NA,Gurgaon,HARYANA
123401,Sulkha,Rewari,HARYANA
122506,NA,Gurgaon,HARYANA
122105,NA,Gurgaon,HARYANA
123034,Sundrah,Rewari,HARYANA
123302,Surethi,Rewari,HARYANA
123024,Sureti Kalan,Mahendragarh,HARYANA
123501,Suthana,Rewari,HARYANA
122414,NA,Gurgaon,HARYANA
122107,NA,Gurgaon,HARYANA
123021,Tajpur,Mahendragarh,HARYANA
123412,Tankri,Rewari,HARYANA
122107,NA,Gurgaon,HARYANA
122502,NA,Gurgaon,HARYANA
122105,Tauru,Gurgaon,HARYANA
122105,Tauru,Gurgaon,HARYANA
122101,NA,Gurgaon,HARYANA
123401,Rewari,Rewari,HARYANA
123023,Thanwas,Mahendragarh,HARYANA
123101,Tint,Rewari,HARYANA
123302,Tumna,Rewari,HARYANA
122502,NA,Gurgaon,HARYANA
122107,NA,Gurgaon,HARYANA
122108,NA,Gurgaon,HARYANA
122503,NA,Gurgaon,HARYANA
122001,Urban Estate,Gurgaon,HARYANA
122505,NA,Gurgaon,HARYANA
122003,NA,Gurgaon,HARYANA
123411,Zainabad,Rewari,HARYANA
125033,Hansi,Hisar,HARYANA
125104,Mandi Dabwali,Sirsa,HARYANA
125047,Hisar,Hisar,HARYANA
125051,Rattia,Fatehabad,HARYANA
125050,Fatehabad,Fatehabad,HARYANA
125055,Sirsa,Sirsa,HARYANA
125106,Tohana,Fatehabad,HARYANA
125051,Rattia,Fatehabad,HARYANA
125078,Baragudha,Sirsa,HARYANA
125102,Sirsa,Sirsa,HARYANA
125033,Hansi,Hisar,HARYANA
125078,Baragudha,Sirsa,HARYANA
125055,Sirsa,Sirsa,HARYANA
125004,Hisar,Hisar,HARYANA
125101,NA,Sirsa,HARYANA
125052,Hisar,Fatehabad,HARYANA
125001,Hisar,Hisar,HARYANA
125051,Rattia,Fatehabad,HARYANA
125007,Hisar,Hisar,HARYANA
125011,Hisar,Hisar,HARYANA
125042,Hansi,Hisar,HARYANA
125051,Rattia,Fatehabad,HARYANA
125042,Hansi,Hisar,HARYANA
125121,Hisar,Hisar,HARYANA
125048,Fatehabad,Fatehabad,HARYANA
125005,Hisar,Hisar,HARYANA
125052,Hisar,Fatehabad,HARYANA
125054,Sirsa,Sirsa,HARYANA
125051,Rattia,Fatehabad,HARYANA
125075,Sirsa,Sirsa,HARYANA
125060,Sirsa,Sirsa,HARYANA
125111,Fatehabad,Fatehabad,HARYANA
125060,Sirsa,Sirsa,HARYANA
125112,Hisar,Hisar,HARYANA
125075,Sirsa,Sirsa,HARYANA
125051,Rattia,Fatehabad,HARYANA
125004,Hisar,Hisar,HARYANA
125053,Fatehabad,Fatehabad,HARYANA
125121,Hisar,Hisar,HARYANA
125004,Hisar,Hisar,HARYANA
125050,Fatehabad,Fatehabad,HARYANA
125075,Sirsa,Sirsa,HARYANA
125103,Sirsa,Sirsa,HARYANA
125050,Fatehabad,Fatehabad,HARYANA
125078,Baragudha,Sirsa,HARYANA
125078,Sirsa,Sirsa,HARYANA
125102,Sirsa,Sirsa,HARYANA
125054,Sirsa,Sirsa,HARYANA
125121,Hisar,Hisar,HARYANA
125033,Hansi,Hisar,HARYANA
125121,Hisar,Hisar,HARYANA
125042,Hansi,Hisar,HARYANA
125055,Sirsa,Sirsa,HARYANA
125005,Hisar,Hisar,HARYANA
125078,Baragudha,Sirsa,HARYANA
125044,Hisar,Hisar,HARYANA
125039,Hansi,Hisar,HARYANA
125121,Hisar,Hisar,HARYANA
125038,Hansi,Hisar,HARYANA
125055,Sirsa,Sirsa,HARYANA
125060,Sirsa,Sirsa,HARYANA
125075,Sirsa,Sirsa,HARYANA
125033,Hansi,Hisar,HARYANA
125033,Hansi,Hisar,HARYANA
125053,Hisar,Fatehabad,HARYANA
125050,Fatehabad,Fatehabad,HARYANA
125078,Baragudha,Sirsa,HARYANA
125047,Hisar,Hisar,HARYANA
125050,Fatehabad,Fatehabad,HARYANA
125050,Fatehabad,Fatehabad,HARYANA
125055,Sirsa,Sirsa,HARYANA
125111,Tohana,Fatehabad,HARYANA
125050,Fatehabad,Fatehabad,HARYANA
125121,Hisar,Hisar,HARYANA
125050,Fatehabad,Fatehabad,HARYANA
125103,Sirsa,Sirsa,HARYANA
125051,Rattia,Fatehabad,HARYANA
125113,Hisar,Fatehabad,HARYANA
125113,Hisar,Hisar,HARYANA
125051,Rattia,Fatehabad,HARYANA
125113,Hisar,Fatehabad,HARYANA
125113,Hisar,Fatehabad,HARYANA
125039,Hansi,Hisar,HARYANA
125121,Hisar,Hisar,HARYANA
125077,Odhan,Sirsa,HARYANA
125004,Hisar,Hisar,HARYANA
125011,Hisar,Hisar,HARYANA
125110,Sirsa,Sirsa,HARYANA
125110,Sirsa,Sirsa,HARYANA
125055,Sirsa,Sirsa,HARYANA
125103,Sirsa,Sirsa,HARYANA
125007,Hisar,Hisar,HARYANA
125201,Kalanwali,Sirsa,HARYANA
125055,Sirsa,Sirsa,HARYANA
125113,Hisar,Hisar,HARYANA
125120,Tohana,Fatehabad,HARYANA
125051,Rattia,Fatehabad,HARYANA
125111,Fatehabad,Fatehabad,HARYANA
125033,Hansi,Hisar,HARYANA
125104,Mandi Dabwali,Sirsa,HARYANA
125055,Sirsa,Sirsa,HARYANA
125111,Fatehabad,Fatehabad,HARYANA
125004,Hisar,Hisar,HARYANA
125007,Hisar,Hisar,HARYANA
125101,Sirsa,Sirsa,HARYANA
125047,Hisar,Hisar,HARYANA
125051,Rattia,Fatehabad,HARYANA
125048,Fatehabad,Fatehabad,HARYANA
125007,Hisar,Hisar,HARYANA
125110,Sirsa,Sirsa,HARYANA
125077,Odhan,Sirsa,HARYANA
125052,Hisar,Hisar,HARYANA
125052,Hisar,Hisar,HARYANA
125005,Hisar,Hisar,HARYANA
125104,Dabwali,Sirsa,HARYANA
125104,Mandi Dabwali,Sirsa,HARYANA
125201,Kalanwali,Sirsa,HARYANA
125006,Hisar,Hisar,HARYANA
125112,Hisar,Hisar,HARYANA
125053,Fatehabad,Fatehabad,HARYANA
125075,Sirsa,Sirsa,HARYANA
125120,Tohana,Fatehabad,HARYANA
125110,Sirsa,Sirsa,HARYANA
125060,Sirsa,Sirsa,HARYANA
125052,Hisar,Hisar,HARYANA
125050,Fatehabad,Fatehabad,HARYANA
125049,Hansi,Hisar,HARYANA
125121,Hisar,Hisar,HARYANA
125121,NA,Hisar,HARYANA
125005,Hisar,Hisar,HARYANA
125106,Tohana,Fatehabad,HARYANA
125104,Mandi Dabwali,Sirsa,HARYANA
125201,Kalanwali,Sirsa,HARYANA
125053,Fatehabad,Fatehabad,HARYANA
125121,Hisar,Hisar,HARYANA
125033,Hansi,Hisar,HARYANA
125033,Hansi,Hisar,HARYANA
125050,Fatehabad,Fatehabad,HARYANA
125033,Hansi,Hisar,HARYANA
125048,Fatehabad,Fatehabad,HARYANA
125111,Fatehabad,Fatehabad,HARYANA
125121,Hisar,Hisar,HARYANA
125050,Fatehabad,Fatehabad,HARYANA
125033,Hansi,Hisar,HARYANA
125005,Hisar,Hisar,HARYANA
125038,Hansi,Hisar,HARYANA
125075,Sirsa,Sirsa,HARYANA
125106,Tohana,Fatehabad,HARYANA
125053,Fatehabad,Fatehabad,HARYANA
125111,Fatehabad,Fatehabad,HARYANA
125058,Sirsa,Sirsa,HARYANA
125106,Tohana,Fatehabad,HARYANA
125004,Hisar,Hisar,HARYANA
125076,Rania,Sirsa,HARYANA
125075,Sirsa,Sirsa,HARYANA
125111,Fatehabad,Fatehabad,HARYANA
125052,Hisar,Hisar,HARYANA
125004,Hisar,Hisar,HARYANA
125102,Sirsa,Sirsa,HARYANA
125121,Hisar,Hisar,HARYANA
125050,Fatehabad,Fatehabad,HARYANA
125050,Fatehabad,Fatehabad,HARYANA
125120,Tohana,Fatehabad,HARYANA
125055,Sirsa,Sirsa,HARYANA
125060,Sirsa,Sirsa,HARYANA
125121,Hisar,Hisar,HARYANA
125120,Tohana,Hisar,HARYANA
125039,Hansi,Hisar,HARYANA
125103,Sirsa,Sirsa,HARYANA
125051,Rattia,Fatehabad,HARYANA
125007,Hisar,Hisar,HARYANA
125033,Hansi,Hisar,HARYANA
125007,Hisar,Hisar,HARYANA
125033,Hansi,Hisar,HARYANA
125103,Sirsa,Sirsa,HARYANA
125052,Hisar,Hisar,HARYANA
125050,Fatehabad,Fatehabad,HARYANA
125001,Hisar,Hisar,HARYANA
125011,Hisar,Hisar,HARYANA
125201,Kalanwali,Sirsa,HARYANA
125047,Hisar,Hisar,HARYANA
125007,Hisar,Hisar,HARYANA
125103,Sirsa,Sirsa,HARYANA
125055,Sirsa,Sirsa,HARYANA
125121,Hisar,Hisar,HARYANA
125051,Rattia,Fatehabad,HARYANA
125110,Sirsa,Sirsa,HARYANA
t,Hissar,Ambala  HQ,Haryana
125004,Hisar,Hisar,HARYANA
125104,Mandi Dabwali,Sirsa,HARYANA
125039,Hansi,Hisar,HARYANA
125050,Fatehabad,Fatehabad,HARYANA
125050,Fatehabad,Fatehabad,HARYANA
125051,Rattia,Fatehabad,HARYANA
125106,Tohana,Fatehabad,HARYANA
125033,Hansi,Hisar,HARYANA
125033,Hansi,Hisar,HARYANA
125051,Rattia,Fatehabad,HARYANA
125110,Sirsa,Sirsa,HARYANA
125075,Sirsa,Sirsa,HARYANA
125005,Hisar,Hisar,HARYANA
125051,Rattia,Fatehabad,HARYANA
125051,Rattia,Fatehabad,HARYANA
125113,Hisar,Hisar,HARYANA
125033,Hansi,Hisar,HARYANA
125001,Hisar,Hisar,HARYANA
125006,Hisar,Hisar,HARYANA
125001,Hisar,Hisar,HARYANA
125001,Hisar,Hisar,HARYANA
125001,Hisar,Hisar,HARYANA
125005,Hisar,Hisar,HARYANA
125120,Tohana,Fatehabad,HARYANA
125201,Kalanwali,Sirsa,HARYANA
125133,Tohana,Fatehabad,HARYANA
125052,Hisar,Hisar,HARYANA
125201,Kalanwali,Sirsa,HARYANA
125051,Rattia,Fatehabad,HARYANA
125110,Sirsa,Sirsa,HARYANA
125120,Tohana,Fatehabad,HARYANA
125033,Hansi,Hisar,HARYANA
125111,Fatehabad,Fatehabad,HARYANA
125111,Fatehabad,Fatehabad,HARYANA
125053,Fatehabad,Fatehabad,HARYANA
125101,NA,Sirsa,HARYANA
125056,Sirsa,Sirsa,HARYANA
125121,Hisar,Hisar,HARYANA
125050,Fatehabad,Fatehabad,HARYANA
125078,Baragudha,Sirsa,HARYANA
125078,Baragudha,Sirsa,HARYANA
125055,Sirsa,Sirsa,HARYANA
125055,Sirsa,Sirsa,HARYANA
125076,Rania,Sirsa,HARYANA
125005,Hisar,Hisar,HARYANA
125052,Hisar,Hisar,HARYANA
125038,Hansi,Hisar,HARYANA
125110,Sirsa,Sirsa,HARYANA
125005,Hisar,Hisar,HARYANA
125052,Hisar,Hisar,HARYANA
125201,Sirsa,Sirsa,HARYANA
125052,Hisar,Hisar,HARYANA
125113,Hisar,Hisar,HARYANA
125103,Sirsa,Sirsa,HARYANA
125051,Rattia,Fatehabad,HARYANA
125120,Tohana,Fatehabad,HARYANA
125112,Hisar,Hisar,HARYANA
125037,Hisar,Hisar,HARYANA
125039,Hansi,Hisar,HARYANA
125106,Tohana,Fatehabad,HARYANA
125075,Sirsa,Sirsa,HARYANA
125050,Fatehabad,Fatehabad,HARYANA
125103,Sirsa,Sirsa,HARYANA
125055,Sirsa,Sirsa,HARYANA
125053,Fatehabad,Fatehabad,HARYANA
125050,Fatehabad,Fatehabad,HARYANA
125112,Hisar,Hisar,HARYANA
125077,Odhan,Sirsa,HARYANA
125052,Hisar,Hisar,HARYANA
125055,Sirsa,Sirsa,HARYANA
125111,Fatehabad,Fatehabad,HARYANA
125038,Hansi,Hisar,HARYANA
125048,Fatehabad,Fatehabad,HARYANA
125121,Hisar,Hisar,HARYANA
125044,Hisar,Hisar,HARYANA
125042,Hansi,Hisar,HARYANA
125102,Sirsa,Sirsa,HARYANA
125004,Hisar,Hisar,HARYANA
125076,Rania,Sirsa,HARYANA
125121,Hisar,Hisar,HARYANA
125033,Hansi,Hisar,HARYANA
125033,Hansi,Hisar,HARYANA
125121,Hisar,Hisar,HARYANA
125005,Hisar,Hisar,HARYANA
125039,Hansi,Hisar,HARYANA
125049,Hansi,Hisar,HARYANA
125033,Hansi,Hisar,HARYANA
125104,Mandi Dabwali,Sirsa,HARYANA
125051,Rattia,Fatehabad,HARYANA
125112,Hisar,Hisar,HARYANA
125053,Fatehabad,Fatehabad,HARYANA
125047,Hisar,Hisar,HARYANA
125112,Hisar,Hisar,HARYANA
125004,Hisar,Hisar,HARYANA
125052,Hisar,Hisar,HARYANA
125052,Hisar,Hisar,HARYANA
125039,NA,Hisar,HARYANA
125039,Hansi,Hisar,HARYANA
125120,Tohana,Fatehabad,HARYANA
125050,Fatehabad,Fatehabad,HARYANA
125033,Hansi,Hisar,HARYANA
125047,Hisar,Hisar,HARYANA
125106,Tohana,Fatehabad,HARYANA
125047,NA,Hisar,HARYANA
125113,Hisar,Hisar,HARYANA
125033,Hansi,Hisar,HARYANA
125078,Baragudha,Sirsa,HARYANA
125055,Sirsa,Sirsa,HARYANA
125055,Sirsa,Sirsa,HARYANA
125051,Rattia,Fatehabad,HARYANA
125006,Hisar,Hisar,HARYANA
125052,Hisar,Hisar,HARYANA
125201,Kalanwali,Sirsa,HARYANA
125120,Tohana,Fatehabad,HARYANA
125051,Rattia,Fatehabad,HARYANA
125047,Hisar,Hisar,HARYANA
125078,Baragudha,Sirsa,HARYANA
125106,Tohana,Fatehabad,HARYANA
125113,Hisar,Hisar,HARYANA
125039,Hansi,Hisar,HARYANA
125104,Mandi Dabwali,Sirsa,HARYANA
125110,Sirsa,Sirsa,HARYANA
125051,Fatehabad,Fatehabad,HARYANA
125001,Hisar,Hisar,HARYANA
125042,Hansi,Hisar,HARYANA
125039,Hansi,Hisar,HARYANA
125055,Sirsa,Sirsa,HARYANA
125052,Hisar,Hisar,HARYANA
125048,Fatehabad,Fatehabad,HARYANA
125049,Hansi,Hisar,HARYANA
125039,Hansi,Hisar,HARYANA
125055,Sirsa,Sirsa,HARYANA
125110,Sirsa,Sirsa,HARYANA
125055,Sirsa,Sirsa,HARYANA
125102,Sirsa,Sirsa,HARYANA
125052,Hisar,Hisar,HARYANA
125104,M.dabwali,Sirsa,HARYANA
125055,Sirsa,Sirsa,HARYANA
125005,Hisar,Hisar,HARYANA
125106,Tohana,Fatehabad,HARYANA
125104,Mandi Dabwali,Sirsa,HARYANA
125054,Sirsa,Sirsa,HARYANA
125051,Rattia,Hisar,HARYANA
125104,Mandi Dabwali,Sirsa,HARYANA
125049,Hansi,Hisar,HARYANA
125103,Sirsa,Sirsa,HARYANA
125121,Hisar,Hisar,HARYANA
125004,Hisar,Hisar,HARYANA
125104,Mandi Dabwali,Sirsa,HARYANA
125102,Sirsa,Sirsa,HARYANA
125044,Hisar,Hisar,HARYANA
125052,Hisar,Hisar,HARYANA
125033,Hansi,Hisar,HARYANA
125051,Rattia,Fatehabad,HARYANA
125053,Fatehabad,Fatehabad,HARYANA
125133,Tohana,Fatehabad,HARYANA
125133,Tohana,Fatehabad,HARYANA
125039,Hansi,Hisar,HARYANA
125033,Hisar,Hisar,HARYANA
125001,Hisar,Hisar,HARYANA
125055,Sirsa,Sirsa,HARYANA
125051,Rattia,Fatehabad,HARYANA
125039,Hansi,Hisar,HARYANA
125005,Hisar,Hisar,HARYANA
125102,Sirsa,Sirsa,HARYANA
125102,Sirsa,Sirsa,HARYANA
125104,Mandi Dabwali,Sirsa,HARYANA
125058,Sirsa,Sirsa,HARYANA
125005,Hisar,Hisar,HARYANA
125052,Hisar,Hisar,HARYANA
125042,Hansi,Hisar,HARYANA
125051,Rattia,Fatehabad,HARYANA
125103,Sirsa,Sirsa,HARYANA
125060,Sirsa,Sirsa,HARYANA
125039,Hansi,Hisar,HARYANA
125055,Sirsa,Sirsa,HARYANA
125007,Hisar,Hisar,HARYANA
125050,Fatehabad,Fatehabad,HARYANA
125106,Tohana,Fatehabad,HARYANA
125037,Hisar,Hisar,HARYANA
125001,Hisar,Hisar,HARYANA
125111,Fatehabad,Fatehabad,HARYANA
125078,Baragudha,Sirsa,HARYANA
125051,Rattia,Fatehabad,HARYANA
125050,Fatehabad,Fatehabad,HARYANA
125055,Sirsa,Sirsa,HARYANA
125050,Fatehabad,Fatehabad,HARYANA
125075,Sirsa,Sirsa,HARYANA
125037,Hisar,Hisar,HARYANA
125051,Rattia,Fatehabad,HARYANA
125120,Tohana,Fatehabad,HARYANA
125047,Hisar,Hisar,HARYANA
125106,Tohana,Fatehabad,HARYANA
125076,Rania,Sirsa,HARYANA
125039,Hansi,Hisar,HARYANA
125039,Hansi,Hisar,HARYANA
125075,Sirsa,Sirsa,HARYANA
125110,Sirsa,Sirsa,HARYANA
125133,Tohana,Fatehabad,HARYANA
125051,Rattia,Fatehabad,HARYANA
125112,Hisar,Hisar,HARYANA
125004,Hisar,Hisar,HARYANA
125077,Odhan,Sirsa,HARYANA
125005,Hisar,Hisar,HARYANA
125060,Sirsa,Sirsa,HARYANA
125060,Sirsa,Sirsa,HARYANA
125077,Odhan,Sirsa,HARYANA
125077,Sirsa,Sirsa,HARYANA
125055,Sirsa,Sirsa,HARYANA
125112,Hisar,Hisar,HARYANA
125201,Kalanwali,Sirsa,HARYANA
125049,Hansi,Hisar,HARYANA
125051,Rattia,Hisar,HARYANA
125121,Hisar,Hisar,HARYANA
125055,Sirsa,Sirsa,HARYANA
125077,Odhan,Sirsa,HARYANA
125104,Mandi Dabwali,Sirsa,HARYANA
125077,Odhan,Sirsa,HARYANA
125113,Hisar,Hisar,HARYANA
125120,Tohana,Fatehabad,HARYANA
125001,Hisar,Hisar,HARYANA
125054,Sirsa,Sirsa,HARYANA
125033,Hansi,Hisar,HARYANA
125201,Kaanwali,Sirsa,HARYANA
125060,Sirsa,Sirsa,HARYANA
125051,Rattia,Fatehabad,HARYANA
125051,Rattia,Fatehabad,HARYANA
125053,Fatehabad,Fatehabad,HARYANA
125201,Kalanwali,Sirsa,HARYANA
125120,Tohana,Fatehabad,HARYANA
125102,Hisar,Sirsa,HARYANA
125042,Hansi,Hisar,HARYANA
125033,Hansi,Hisar,HARYANA
125044,Hisar,Hisar,HARYANA
125120,Tohana,Fatehabad,HARYANA
125044,Hisar,Hisar,HARYANA
125121,Hisar,Hisar,HARYANA
125039,Hansi,Hisar,HARYANA
125039,Hansi,Hisar,HARYANA
125103,Sirsa,Sirsa,HARYANA
125053,Fatehabad,Fatehabad,HARYANA
125055,Sirsa,Sirsa,HARYANA
125076,Sirsa,Sirsa,HARYANA
125051,Rattia,Fatehabad,HARYANA
125106,Tohana,Fatehabad,HARYANA
125050,Fatehabad,Fatehabad,HARYANA
125051,Tohana,Fatehabad,HARYANA
125004,Hisar,Hisar,HARYANA
125103,Sirsa,Sirsa,HARYANA
125201,Kalanwali,Sirsa,HARYANA
125110,Sirsa,Sirsa,HARYANA
125052,Hisar,Hisar,HARYANA
125133,Tohana,Fatehabad,HARYANA
125113,Hisar,Hisar,HARYANA
125077,Odhan,Sirsa,HARYANA
125110,Sirsa,Sirsa,HARYANA
125104,Mandi Dabwali,Sirsa,HARYANA
125052,Hisar,Hisar,HARYANA
125120,Tohana,Fatehabad,HARYANA
125111,Fatehabad,Fatehabad,HARYANA
125121,Hisar,Hisar,HARYANA
125047,Hisar,Hisar,HARYANA
125113,Hisar,Hisar,HARYANA
125075,Sirsa,Sirsa,HARYANA
125052,Hisar,Hisar,HARYANA
125121,Hisar,Hisar,HARYANA
125004,Hisar,Hisar,HARYANA
125121,Hisar,Hisar,HARYANA
125006,Hisar,Hisar,HARYANA
125044,Hisar,Hisar,HARYANA
125005,Hisar,Hisar,HARYANA
125004,Hisar,Hisar,HARYANA
125055,Sirsa,Sirsa,HARYANA
125033,Hansi,Hisar,HARYANA
125110,Sirsa,Sirsa,HARYANA
125106,Tohana,Fatehabad,HARYANA
125047,Hisar,Hisar,HARYANA
125053,Fatehabad,Fatehabad,HARYANA
125051,Rattia,Fatehabad,HARYANA
125104,Mandi Dabwali,Sirsa,HARYANA
125110,Sirsa,Sirsa,HARYANA
125133,Tohana,Fatehabad,HARYANA
125060,Sirsa,Sirsa,HARYANA
125033,Hansi,Hisar,HARYANA
125201,Kalanwali,Sirsa,HARYANA
125005,Hisar,Hisar,HARYANA
125042,Hansi,Hisar,HARYANA
125075,Sirsa,Sirsa,HARYANA
125055,Sirsa,Sirsa,HARYANA
125055,Sirsa,Sirsa,HARYANA
125049,Hansi,Hisar,HARYANA
125052,Hisar,Hisar,HARYANA
125047,Hisar,Hisar,HARYANA
125033,Hansi,Hisar,HARYANA
125039,Hansi,Hisar,HARYANA
125055,Sirsa,Sirsa,HARYANA
125201,Kalanwali,Sirsa,HARYANA
125038,Hansi,Hisar,HARYANA
125053,Fatehabad,Fatehabad,HARYANA
125033,Hansi,Hisar,HARYANA
125076,Rania,Sirsa,HARYANA
125004,Hisar,Hisar,HARYANA
125113,Hisar,Hisar,HARYANA
125201,Kalanwali,Sirsa,HARYANA
125033,Hansi,Hisar,HARYANA
125201,Kalanwali,Sirsa,HARYANA
125005,Hisar,Hisar,HARYANA
125005,Hisar,Hisar,HARYANA
125133,Tohana,Fatehabad,HARYANA
125102,Sirsa,Sirsa,HARYANA
125201,Kalan Wali,Sirsa,HARYANA
125047,Hisar,Hisar,HARYANA
125075,Sirsa,Sirsa,HARYANA
125078,Baragudha,Sirsa,HARYANA
125050,Fatehabad,Fatehabad,HARYANA
125053,Fatehabad,Fatehabad,HARYANA
125033,Hansi,Hisar,HARYANA
125120,Tohana,Fatehabad,HARYANA
125120,Tohana,Fatehabad,HARYANA
125004,Hisar,Hisar,HARYANA
125011,Hisar,Hisar,HARYANA
125038,Hansi,Hisar,HARYANA
125113,Hisar,Hisar,HARYANA
125055,Sirsa,Sirsa,HARYANA
125033,Hansi,Hisar,HARYANA
125005,Hisar,Hisar,HARYANA
125005,Hisar,Hisar,HARYANA
132024,Nissing,Karnal,HARYANA
132113,Panipat,Panipat,HARYANA
132024,Nissing,Karnal,HARYANA
132107,Panipat,Panipat,HARYANA
126102,Jind,Jind,HARYANA
132157,Nigdhu,Karnal,HARYANA
126111,Jind,Jind,HARYANA
132113,Panipat,Panipat,HARYANA
126116,Narwana,Jind,HARYANA
132024,Nissing,Karnal,HARYANA
132040,Assandh,Karnal,HARYANA
126112,Safidon,Jind,HARYANA
132103,Panipat,Panipat,HARYANA
132039,Assandh,Karnal,HARYANA
132117,Nilokheri,Karnal,HARYANA
126113,Safidon,Jind,HARYANA
132105,Panipat,Panipat,HARYANA
132039,Assandh,Karnal,HARYANA
132122,Panipat,Panipat,HARYANA
132113,Panipat,Panipat,HARYANA
132104,Panipat,Panipat,HARYANA
132140,Panipat,Panipat,HARYANA
126152,Jind,Jind,HARYANA
126125,Jind,Jind,HARYANA
126112,Safidon,Jind,HARYANA
132039,Assandh,Karnal,HARYANA
132117,Nilokheri,Karnal,HARYANA
132037,Karnal,Karnal,HARYANA
132040,Assandh,Karnal,HARYANA
132040,Assandh,Karnal,HARYANA
132024,Karnal,Karnal,HARYANA
126113,Safidon,Jind,HARYANA
132039,Assandh,Karnal,HARYANA
132107,Panipat,Panipat,HARYANA
126110,Jind,Jind,HARYANA
132036,Jundla,Karnal,HARYANA
132104,Panipat,Panipat,HARYANA
132023,S.s. Kunjpura,Karnal,HARYANA
132104,Panipat,Panipat,HARYANA
132037,Madhuban,Karnal,HARYANA
126115,Narwana,Jind,HARYANA
126114,Safidon,Jind,HARYANA
132114,Gharunda,Karnal,HARYANA
126115,Narwana,Jind,HARYANA
126113,Safidon,Jind,HARYANA
132024,Nissing,Karnal,HARYANA
132114,Gharunda,Karnal,HARYANA
132037,Madhuban,Karnal,HARYANA
132101,Panipat,Panipat,HARYANA
126116,Narwana,Jind,HARYANA
132105,Panipat,Panipat,HARYANA
132117,Nilokheri,Karnal,HARYANA
132116,Nilokheri,Karnal,HARYANA
126116,Narwana,Jind,HARYANA
132113,Panipat,Panipat,HARYANA
132102,Panipat,Panipat,HARYANA
126115,Narwana,Jind,HARYANA
126112,Safidon,Jind,HARYANA
126112,Safidon,Jind,HARYANA
132054,Indri,Karnal,HARYANA
132041,Indri,Karnal,HARYANA
126102,Jind,Jind,HARYANA
126111,Jind,Jind,HARYANA
126152,Jind,Jind,HARYANA
132039,Assandh,Karnal,HARYANA
132106,Panipat,Panipat,HARYANA
126114,Safidon,Jind,HARYANA
132024,Nissing,Karnal,HARYANA
126114,Safidon,Jind,HARYANA
132107,Panipat,Panipat,HARYANA
126115,Narwana,Jind,HARYANA
126101,Jind,Jind,HARYANA
126113,Safidon,Jind,HARYANA
132106,Panipat,Panipat,HARYANA
132001,Karnal,Karnal,HARYANA
132104,Panipat,Panipat,HARYANA
132114,Gharunda,Karnal,HARYANA
132104,Panipat,Panipat,HARYANA
126125,Jind,Jind,HARYANA
132036,Jundla,Karnal,HARYANA
132039,Assandh,Karnal,HARYANA
132054,Indri,Karnal,HARYANA
126125,Jind,Jind,HARYANA
132101,Panipat,Panipat,HARYANA
132001,Karnal,Karnal,HARYANA
132054,Indri,Karnal,HARYANA
126116,Jind,Jind,HARYANA
132024,Nissing,Karnal,HARYANA
132140,Panipat,Panipat,HARYANA
132108,Panipat,Panipat,HARYANA
132145,Panipat,Panipat,HARYANA
126110,Jind,Jind,HARYANA
132041,Karnal,Karnal,HARYANA
126102,Jind,Jind,HARYANA
126125,Jind,Jind,HARYANA
132122,Panipat,Panipat,HARYANA
126101,Jind,Jind,HARYANA
126116,Narwana,Jind,HARYANA
126116,Narwana,Jind,HARYANA
132037,Karnal,Karnal,HARYANA
126116,Narwana,Jind,HARYANA
126152,Jind,Jind,HARYANA
126116,Narwana,Jind,HARYANA
126112,Safidon,Jind,HARYANA
126116,Narwana,Jind,HARYANA
126110,Jind,Jind,HARYANA
126114,Safidon,Jind,HARYANA
126112,Safidon,Jind,HARYANA
132145,Panipat,Panipat,HARYANA
132122,Panipat,Panipat,HARYANA
132037,Karnal,Karnal,HARYANA
126111,Jind,Jind,HARYANA
132108,Panipat,Panipat,HARYANA
126116,Narwana,Jind,HARYANA
126111,Jind,Jind,HARYANA
126152,Jind,Jind,HARYANA
132114,Gharunda,Karnal,HARYANA
126101,Jind,Jind,HARYANA
132114,Gharunda,Karnal,HARYANA
132102,Panipat,Panipat,HARYANA
126113,Safidon,Jind,HARYANA
132140,Panipat,Panipat,HARYANA
132037,Karnal,Karnal,HARYANA
126116,Narwana,Jind,HARYANA
132104,Panipat,Panipat,HARYANA
132054,Indri,Karnal,HARYANA
132041,Indri,Karnal,HARYANA
126114,Safidon,Jind,HARYANA
126114,Safidon,Jind,HARYANA
132114,Gharunda,Karnal,HARYANA
126116,Narwana,Jind,HARYANA
132023,Ss Kunjpura,Karnal,HARYANA
132037,Karnal,Karnal,HARYANA
132104,Panipat,Panipat,HARYANA
126115,Narwana,Jind,HARYANA
132046,Assandh,Karnal,HARYANA
132024,Nissing,Karnal,HARYANA
132114,Gharunda,Karnal,HARYANA
126102,Jind,Jind,HARYANA
126113,Safidon,Jind,HARYANA
126116,Narwana,Jind,HARYANA
132041,Indri,Karnal,HARYANA
132114,Gharunda,Karnal,HARYANA
126101,Jind,Jind,HARYANA
132115,Panipat,Panipat,HARYANA
126112,Safidon,Jind,HARYANA
126102,Jind,Jind,HARYANA
126102,Jind,Jind,HARYANA
132041,Indri,Karnal,HARYANA
132041,Indri,Karnal,HARYANA
126102,Jind,Jind,HARYANA
132107,Panipat,Panipat,HARYANA
132039,Assandh,Karnal,HARYANA
126152,Jind,Jind,HARYANA
126102,Jind,Jind,HARYANA
132104,Panipat,Panipat,HARYANA
132039,Assandh,Karnal,HARYANA
132114,Gharunda,Karnal,HARYANA
132157,Nigdhu,Karnal,HARYANA
126113,Safidon,Jind,HARYANA
132036,Jundla,Karnal,HARYANA
132105,Panipat,Panipat,HARYANA
132101,Panipat,Panipat,HARYANA
126102,Jind,Jind,HARYANA
126116,Narwana,Jind,HARYANA
126102,Jind,Jind,HARYANA
126102,Jind,Jind,HARYANA
126102,Jind,Jind,HARYANA
126102,Jind,Jind,HARYANA
126102,Jind,Jind,HARYANA
126102,Jind,Jind,HARYANA
126102,Jind,Jind,HARYANA
132041,Indri,Karnal,HARYANA
132107,Panipat,Panipat,HARYANA
132113,Panipat,Panipat,HARYANA
126101,Jind,Jind,HARYANA
126102,Jind,Jind,HARYANA
132001,Karnal,Karnal,HARYANA
132036,Indri,Karnal,HARYANA
126115,Narwana,Jind,HARYANA
132140,Panipat,Panipat,HARYANA
132116,Karnal,Karnal,HARYANA
132114,Garunda,Karnal,HARYANA
126115,Narwana,Jind,HARYANA
132105,Panipat,Panipat,HARYANA
132054,Indri,Karnal,HARYANA
132114,Guarunda,Karnal,HARYANA
132054,Indri,Karnal,HARYANA
126116,Narwana,Jind,HARYANA
126113,Jind,Jind,HARYANA
132001,Karnal,Karnal,HARYANA
132107,Panipat,Panipat,HARYANA
126116,Narwana,Jind,HARYANA
132101,Panipat,Panipat,HARYANA
126112,Safidon,Jind,HARYANA
132116,Karnal,Karnal,HARYANA
132001,Karnal,Karnal,HARYANA
132001,Karnal,Karnal,HARYANA
132001,Karnal,Karnal,HARYANA
132001,Karnal,Karnal,HARYANA
132001,Karnal,Karnal,HARYANA
132001,Karnal,Karnal,HARYANA
132001,Karnal,Karnal,HARYANA
132001,Karnal,Karnal,HARYANA
132001,Karnal,Karnal,HARYANA
132001,Karnal,Karnal,HARYANA
132001,Karnal,Karnal,HARYANA
132001,Karnal,Karnal,HARYANA
132001,Karnal,Karnal,HARYANA
132039,Assandh,Karnal,HARYANA
132157,Nigdhu,Karnal,HARYANA
126101,Jind,Jind,HARYANA
126115,Narwnaa,Jind,HARYANA
126112,Safidon,Jind,HARYANA
126115,Narwana,Jind,HARYANA
132036,Jundla,Karnal,HARYANA
126125,Jind,Jind,HARYANA
126101,Jind,Jind,HARYANA
126111,Jind,Jind,HARYANA
132041,Indri,Karnal,HARYANA
126115,Narwana,Jind,HARYANA
126102,Jind,Jind,HARYANA
126116,Narwana,Jind,HARYANA
126115,Narwana,Jind,HARYANA
132041,Indri,Karnal,HARYANA
132041,Indri,Karnal,HARYANA
126112,Safidon,Jind,HARYANA
132041,Indri,Karnal,HARYANA
132036,Jundla,Karnal,HARYANA
132039,Assandh,Karnal,HARYANA
132022,Kunjpura,Karnal,HARYANA
132122,Panipat,Panipat,HARYANA
132114,Gharunda,Karnal,HARYANA
126116,Narwana,Jind,HARYANA
126110,Jind,Jind,HARYANA
126101,Jind,Jind,HARYANA
126114,Safidon,Jind,HARYANA
132101,Panipat,Panipat,HARYANA
132114,Gharunda,Karnal,HARYANA
126125,Jind,Jind,HARYANA
132022,Kunjpura,Karnal,HARYANA
132107,Panipat,Panipat,HARYANA
132104,Panipat,Panipat,HARYANA
132046,Assandh,Karnal,HARYANA
132116,Nilokheri,Karnal,HARYANA
132037,Karnal,Karnal,HARYANA
126101,Jind,Jind,HARYANA
132114,Gharunda,Karnal,HARYANA
126125,Jind,Jind,HARYANA
132105,Panipat,Panipat,HARYANA
126116,Narwana,Jind,HARYANA
126113,Safidon,Jind,HARYANA
132101,Panipat,Panipat,HARYANA
132037,Nilokheri,Karnal,HARYANA
132037,Karnal,Karnal,HARYANA
132113,Panipat,Panipat,HARYANA
132102,Panipat,Panipat,HARYANA
132157,Nigdhu,Karnal,HARYANA
126115,Narwana,Jind,HARYANA
126112,Safidon,Jind,HARYANA
126112,Safidon,Jind,HARYANA
126101,Jind  jind,Jind,HARYANA
132101,Panipat,Panipat,HARYANA
132107,Panipat,Panipat,HARYANA
126125,Jind,Jind,HARYANA
126152,Jind,Jind,HARYANA
132024,Karnal,Karnal,HARYANA
126102,Jind,Jind,HARYANA
132039,Assandh,Karnal,HARYANA
132024,Nissing,Karnal,HARYANA
126101,Jind,Jind,HARYANA
132001,Karnal,Karnal,HARYANA
126110,Jind,Jind,HARYANA
126115,Narwana,Jind,HARYANA
132037,Karnal,Karnal,HARYANA
126113,Safidon,Jind,HARYANA
132046,Assandh,Karnal,HARYANA
126112,Safidon,Jind,HARYANA
132040,Assandh,Karnal,HARYANA
132041,Indri,Karnal,HARYANA
132037,Karnal,Karnal,HARYANA
132041,Indri,Karnal,HARYANA
126125,Jind,Jind,HARYANA
132022,Kunjpura,Karnal,HARYANA
132101,Panipat,Panipat,HARYANA
126101,Jind,Jind,HARYANA
132054,Indri,Karnal,HARYANA
132104,Panipat,Panipat,HARYANA
132113,Panipat  panipat,Panipat,HARYANA
132101,Panipat,Panipat,HARYANA
132116,Nilokheri,Karnal,HARYANA
126116,Narwana,Jind,HARYANA
126116,Narwana,Jind,HARYANA
132145,Panipat,Panipat,HARYANA
126114,Safidon,Jind,HARYANA
126102,Jind,Jind,HARYANA
132157,Nilokheri,Karnal,HARYANA
132117,Nilokheri,Karnal,HARYANA
132117,Nilokheri,Karnal,HARYANA
126112,Safidon,Jind,HARYANA
126102,Jind,Jind,HARYANA
132024,Karnal,Karnal,HARYANA
132104,Panipat,Panipat,HARYANA
132036,Jundla,Karnal,HARYANA
132116,Nilokheri,Karnal,HARYANA
126112,Jind,Jind,HARYANA
132145,Panipat,Panipat,HARYANA
132108,Panipat,Panipat,HARYANA
132103,Panipat,Panipat,HARYANA
132103,Panipat,Panipat,HARYANA
132103,Panipat,Panipat,HARYANA
132104,Panipat,Panipat,HARYANA
132103,Panipat,Panipat,HARYANA
132103,Panipat,Panipat,HARYANA
132103,Panipat,Panipat,HARYANA
132103,Panipat,Panipat,HARYANA
132103,Panipat,Panipat,HARYANA
132106,Panipat,Panipat,HARYANA
132103,Panipat,Panipat,HARYANA
132140,Panipat,Panipat,HARYANA
132103,Panipat,Panipat,HARYANA
132105,Panipat,Panipat,HARYANA
132107,Panipat,Panipat,HARYANA
132108,Panipat,Panipat,HARYANA
132041,Indri],Karnal,HARYANA
132102,Panipat,Panipat,HARYANA
126101,Jind,Jind,HARYANA
126111,Jind,Jind,HARYANA
132036,Jundla,Karnal,HARYANA
132046,Assandh,Karnal,HARYANA
126116,Narwana,Jind,HARYANA
132037,Karnal,Karnal,HARYANA
126116,Narwana,Jind,HARYANA
132114,Gharudna,Karnal,HARYANA
132036,Jundla,Karnal,HARYANA
126113,Narwana,Jind,HARYANA
126102,Jind,Jind,HARYANA
126116,Narwana,Jind,HARYANA
132039,Assandh,Karnal,HARYANA
132104,Panipat,Panipat,HARYANA
132104,Panipat,Panipat,HARYANA
132107,Panipat,Panipat,HARYANA
132113,Panipat,Panipat,HARYANA
126102,Jind,Jind,HARYANA
132039,Assandh,Karnal,HARYANA
132114,Gharunda,Karnal,HARYANA
132114,Gharunda,Karnal,HARYANA
132140,Panipat,Panipat,HARYANA
132157,Nigdhu,Karnal,HARYANA
126116,Narwana,Jind,HARYANA
132104,Panipat,Panipat,HARYANA
132115,Panipat,Panipat,HARYANA
126112,Safidon,Jind,HARYANA
126102,Jind,Jind,HARYANA
132116,Nilokheri,Karnal,HARYANA
132116,NA,Karnal,HARYANA
132037,Karnal,Karnal,HARYANA
126116,Narwana,Jind,HARYANA
132104,Panipat,Panipat,HARYANA
126110,Jind,Jind,HARYANA
126112,Safidon,Jind,HARYANA
126112,Safidon,Jind,HARYANA
126102,Jind,Jind,HARYANA
132114,Gharunda,Karnal,HARYANA
132037,Karnal'karnal,Karnal,HARYANA
132023,Karnal,Karnal,HARYANA
126152,Jind,Jind,HARYANA
126112,Safidon,Jind,HARYANA
126112,Safidon,Jind,HARYANA
132116,Karnal,Karnal,HARYANA
126152,Jind,Jind,HARYANA
132046,Assandh,Karnal,HARYANA
132101,Panipat,Panipat,HARYANA
132117,Nilokheri,Karnal,HARYANA
132116,Nilokheri,Karnal,HARYANA
132157,Karnal,Karnal,HARYANA
132104,Panipat,Panipat,HARYANA
132117,Nilokheri,Karnal,HARYANA
126125,Jind,Jind,HARYANA
132041,Karnal,Karnal,HARYANA
132157,Nigdhu,Karnal,HARYANA
132116,Nilokheri,Karnal,HARYANA
132001,Karnal,Karnal,HARYANA
132001,Karnal,Karnal,HARYANA
132107,Panipat,Panipat,HARYANA
126125,Jind,Jind,HARYANA
132107,Panipat,Panipat,HARYANA
132116,Nilokheri,Karnal,HARYANA
126114,Safidon,Jind,HARYANA
132036,Jundla,Karnal,HARYANA
132113,Panipat,Panipat,HARYANA
132117,Nilokheri,Karnal,HARYANA
132117,Nilokheri,Karnal,HARYANA
126112,Safidon,Jind,HARYANA
126102,Jind,Jind,HARYANA
126112,Safidon,Jind,HARYANA
132024,Nissing,Karnal,HARYANA
126116,Narwana,Jind,HARYANA
126116,Narwana,Jind,HARYANA
132024,Karnal,Karnal,HARYANA
132157,Karnal,Karnal,HARYANA
132108,Panipat,Panipat,HARYANA
126113,Safidon,Jind,HARYANA
126112,Safidon,Jind,HARYANA
132105,Panipat,Panipat,HARYANA
132114,Gharunda,Karnal,HARYANA
132114,Gharunda,Karnal,HARYANA
132023,Ss Kunjpura,Karnal,HARYANA
126115,Narwana,Jind,HARYANA
126116,Narwana,Jind,HARYANA
126116,Narwana,Jind,HARYANA
132116,Nilokheri,Karnal,HARYANA
132105,Panipat,Panipat,HARYANA
132116,Nilokheri,Karnal,HARYANA
132116,Nilokheri,Karnal,HARYANA
132039,Assandh,Karnal,HARYANA
132046,Assandh,Karnal,HARYANA
126125,Jind,Jind,HARYANA
132023,Karnal,Karnal,HARYANA
132116,Karnal,Karnal,HARYANA
126115,Narwana,Jind,HARYANA
126115,Narwana,Jind,HARYANA
132117,Nilokheri,Karnal,HARYANA
132104,Panipat,Panipat,HARYANA
126116,Narwana,Jind,HARYANA
132037,Karnal,Karnal,HARYANA
132105,Panipat,Panipat,HARYANA
132039,Assandh,Karnal,HARYANA
132107,Panipat,Panipat,HARYANA
132113,Panipat,Panipat,HARYANA
136035,Guhla,Kaithal,HARYANA
136021,Pundri,Kaithal,HARYANA
136130,Shahbad,Kurukshetra,HARYANA
136136,Shahbad,Kurukshetra,HARYANA
136038,Thanesar,Kurukshetra,HARYANA
136034,Guhla,Kaithal,HARYANA
136156,Babain,Kurukshetra,HARYANA
136117,Kalayat,Kaithal,HARYANA
136034,Guhla,Kaithal,HARYANA
136119,Thanesar,Kurukshetra,HARYANA
136043,Pundri,Kaithal,HARYANA
136132,Ladwa,Kurukshetra,HARYANA
136128,Pehowa,Kurukshetra,HARYANA
136034,Guhla,Kaithal,HARYANA
136117,Kalayat,Kaithal,HARYANA
136132,Ladwa,Kurukshetra,HARYANA
136132,Ladwa,Kurukshetra,HARYANA
136027,Kaithal,Kaithal,HARYANA
136156,Thanesar,Kurukshetra,HARYANA
136119,Thanesar,Kurukshetra,HARYANA
136132,Ladwa,Kurukshetra,HARYANA
136026,Pundri,Kaithal,HARYANA
136119,Thanesar,Kurukshetra,HARYANA
136030,Pehowa,Kurukshetra,HARYANA
136117,Kalayat,Kaithal,HARYANA
136034,Guhla,Kaithal,HARYANA
136034,Guhla,Kaithal,HARYANA
136156,Thanesar,Kurukshetra,HARYANA
136043,Pundri,Kaithal,HARYANA
136119,Thanesar,Kurukshetra,HARYANA
136128,Pehowa,Kurukshetra,HARYANA
136034,Guhla,Kaithal,HARYANA
136034,Guhla,Kaithal,HARYANA
136130,Shahbad,Kurukshetra,HARYANA
136044,Rajaund,Kaithal,HARYANA
136156,Thanesar,Kurukshetra,HARYANA
136131,Thanesar,Kurukshetra,HARYANA
136118,Thanesar,Kurukshetra,HARYANA
136128,Pehowa,Kurukshetra,HARYANA
136131,Thanesar,Kurukshetra,HARYANA
136027,Kaithal,Kaithal,HARYANA
136135,Shahbad\,Kurukshetra,HARYANA
136129,Pehowa,Kurukshetra,HARYANA
136027,Kaithal,Kaithal,HARYANA
136020,Pundri,Kaithal,HARYANA
136117,Kalayat,Kaithal,HARYANA
136034,Guhla,Kaithal,HARYANA
136021,Pundri,Kaithal,HARYANA
136034,Guhla,Kaithal,HARYANA
136119,Thanesar,Kurukshetra,HARYANA
136135,Shahbad,Kurukshetra,HARYANA
136026,Pundri,Kaithal,HARYANA
136027,Kaithal,Kaithal,HARYANA
136027,Kaithal,Kaithal,HARYANA
136027,Kaithal,Kaithal,HARYANA
136020,Pundri,Kaithal,HARYANA
136117,Kalayat,Kaithal,HARYANA
136119,Thanesar,Kurukshetra,HARYANA
136128,Pehowa,Kurukshetra,HARYANA
136117,Kalayat,Kaithal,HARYANA
136156,Thanesar,Kurukshetra,HARYANA
136035,Guhla,Kaithal,HARYANA
136042,Pundri,Kaithal,HARYANA
136034,Guhla,Kaithal,HARYANA
136132,Ladwa,Kurukshetra,HARYANA
136027,Kaithal,Kaithal,HARYANA
136135,Shahbad,Kurukshetra,HARYANA
136132,Ladwa,Kurukshetra,HARYANA
136035,Guhla,Kaithal,HARYANA
136027,Kaithal,Kaithal,HARYANA
136027,Kaithal,Kaithal,HARYANA
136030,Pehowa,Kurukshetra,HARYANA
136119,Thanesa,Kurukshetra,HARYANA
136026,Pundri,Kaithal,HARYANA
136026,Pundri,Kaithal,HARYANA
136034,Guhla,Kaithal,HARYANA
136135,Shahbad,Kurukshetra,HARYANA
136117,Kalayat,Kaithal,HARYANA
136027,Kaithal,Kaithal,HARYANA
136119,Thanesar,Kurukshetra,HARYANA
136119,Thanesar,Kurukshetra,HARYANA
136128,Pehowa,Kurukshetra,HARYANA
136129,Pehowa,Kurukshetra,HARYANA
136020,Pundri,Kaithal,HARYANA
136020,Pundri,Kaithal,HARYANA
136027,Kaithal,Kaithal,HARYANA
136129,Pehowa,Kurukshetra,HARYANA
136135,Shahbad,Kurukshetra,HARYANA
136156,Thanesar,Kurukshetra,HARYANA
136130,Pehowa,Kurukshetra,HARYANA
136118,Thanesar,Kurukshetra,HARYANA
136119,Thanesar,Kurukshetra,HARYANA
136117,Kalayat,Kaithal,HARYANA
136027,Kaithal,Kaithal,HARYANA
136027,Kaithal,Kaithal,HARYANA
136043,Pundri,Kaithal,HARYANA
136030,Pehowa,Kurukshetra,HARYANA
136033,Kaithal,Kaithal,HARYANA
136156,Thanesar,Kurukshetra,HARYANA
136117,Kalayat,Kaithal,HARYANA
136117,Kalayat,Kaithal,HARYANA
136117,Kaithal,Kaithal,HARYANA
136132,Ladwa,Kurukshetra,HARYANA
136135,Shahbad,Kurukshetra,HARYANA
136135,Shahbad,Kurukshetra,HARYANA
136119,Thanesar,Kurukshetra,HARYANA
136033,Kaithal,Kaithal,HARYANA
136128,Pehowa,Kurukshetra,HARYANA
136027,Kaithal,Kaithal,HARYANA
136043,Pundri,Kaithal,HARYANA
136027,Kaithal,Kaithal,HARYANA
136021,Pundri,Kaithal,HARYANA
136033,Kaithal,Kaithal,HARYANA
136027,Kaithal,Kaithal,HARYANA
136131,Thanesar,Kurukshetra,HARYANA
136117,Kalayat,Kaithal,HARYANA
136034,Guhla,Kaithal,HARYANA
136135,Shahbad,Kurukshetra,HARYANA
136035,Guhla,Kaithal,HARYANA
136035,Guhla,Kaithal,HARYANA
136132,Ladwa,Kurukshetra,HARYANA
136033,Kaithal,Kaithal,HARYANA
136119,Thanesar,Kurukshetra,HARYANA
136027,Kaithal  kaithal,Kaithal,HARYANA
136027,Kaithal,Kaithal,HARYANA
136027,Kaithal,Kaithal,HARYANA
136119,Thanesar,Kurukshetra,HARYANA
136044,Rajaund,Kaithal,HARYANA
136131,Thanesar,Kurukshetra,HARYANA
136117,Kalayat,Kaithal,HARYANA
136043,Pundri,Kaithal,HARYANA
136027,Kaithal,Kaithal,HARYANA
136117,Kalayat,Kaithal,HARYANA
136118,Tthanesar,Kurukshetra,HARYANA
136119,Thanesar,Kurukshetra,HARYANA
136027,Kaithal,Kaithal,HARYANA
136033,Kaithal,Kaithal,HARYANA
136132,Ladwa,Kurukshetra,HARYANA
136156,Thanesar,Kurukshetra,HARYANA
136027,Kaithal,Kaithal,HARYANA
136135,Shahbad,Kurukshetra,HARYANA
136132,Ladwa,Kurukshetra,HARYANA
136119,Thanesar,Kurukshetra,HARYANA
136135,Shahbad,Kurukshetra,HARYANA
136027,Kaithal,Kaithal,HARYANA
136135,shahabad,Kurukshetra,HARYANA
136128,Pehowa,Kurukshetra,HARYANA
136027,Kaithal,Kaithal,HARYANA
136136,Shahbad,Kurukshetra,HARYANA
136033,Kaithal,Kaithal,HARYANA
136044,Rajaund,Kaithal,HARYANA
136035,Guhla,Kaithal,HARYANA
136117,Kalayat,Kaithal,HARYANA
136131,Thanesar,Kurukshetra,HARYANA
136034,Guhla,Kaithal,HARYANA
136034,Guhla,Kaithal,HARYANA
136118,Thanesar,Kurukshetra,HARYANA
136042,Pundri,Kaithal,HARYANA
136128,Pehowa,Kurukshetra,HARYANA
136135,Shahbad,Kurukshetra,HARYANA
136042,Pundri,Kaithal,HARYANA
136129,Pehowa,Kurukshetra,HARYANA
136135,Shahbad,Kurukshetra,HARYANA
136027,Kaithal,Kaithal,HARYANA
136027,Kaithal,Kaithal,HARYANA
136132,Ladwa,Kurukshetra,HARYANA
136132,Ladwa,Kurukshetra,HARYANA
136020,Pundri,Kaithal,HARYANA
136027,Kaithal,Kaithal,HARYANA
136043,Pundri,Kaithal,HARYANA
136131,Thanesar,Kurukshetra,HARYANA
136027,Kaithal,Kaithal,HARYANA
136034,Guhla,Kaithal,HARYANA
136128,Pehowa,Kurukshetra,HARYANA
136027,Kaithal,Kaithal,HARYANA
136021,Pundri,Kaithal,HARYANA
136043,Pundri,Kaithal,HARYANA
136131,Thanesar,Kurukshetra,HARYANA
136132,Ladwa,Kurukshetra,HARYANA
136026,Pundri,Kaithal,HARYANA
136119,Thanesar,Kurukshetra,HARYANA
136044,Kaithal,Kaithal,HARYANA
136117,Kalayat,Kaithal,HARYANA
136156,Thanesar,Kurukshetra,HARYANA
136030,Pehowa,Kurukshetra,HARYANA
136042,Pundri,Kaithal,HARYANA
136135,Shahbad,Kurukshetra,HARYANA
136135,Shahbad,Kurukshetra,HARYANA
136044,Rajaund,Kaithal,HARYANA
136129,Pehowa,Kurukshetra,HARYANA
136128,Pehwoa,Kurukshetra,HARYANA
136033,Kaithal,Kaithal,HARYANA
136117,Kalayat,Kaithal,HARYANA
136021,Pundri,Kaithal,HARYANA
136119,Thanesar,Kurukshetra,HARYANA
136135,Shahbad,Kurukshetra,HARYANA
136128,Pehowa,Kurukshetra,HARYANA
136117,Kalayat,Kaithal,HARYANA
136156,Thanesar,Kurukshetra,HARYANA
136021,Pundri,Kaithal,HARYANA
136044,Rajaund,Kaithal,HARYANA
136128,Pehowa,Kurukshetra,HARYANA
136128,Pehowa,Kurukshetra,HARYANA
136042,Pundri,Kaithal,HARYANA
136118,Thanesar,Kurukshetra,HARYANA
136035,Guhla,Kaithal,HARYANA
136030,Pehowa,Kurukshetra,HARYANA
136043,Pundri,Kaithal,HARYANA
136135,Shahabad,Kurukshetra,HARYANA
136136,Shahbad,Kurukshetra,HARYANA
136135,Shahbad,Kurukshetra,HARYANA
136117,Kalayat,Kaithal,HARYANA
136026,Pundri,Kaithal,HARYANA
136131,Thanesar,Kurukshetra,HARYANA
136027,Kaithal,Kaithal,HARYANA
136043,Pundri,Kaithal,HARYANA
136027,Kaithal,Kaithal,HARYANA
136033,Kaithal,Kaithal,HARYANA
136027,Kaithal,Kaithal,HARYANA
136135,Shahbad,Kurukshetra,HARYANA
136130,Shahbad,Kurukshetra,HARYANA
136027,Kaithal,Kaithal,HARYANA
136042,Pundri,Kaithal,HARYANA
136030,Pehowa,Kurukshetra,HARYANA
136118,Thanesar,Kurukshetra,HARYANA
136129,Pehowa,Kurukshetra,HARYANA
136136,Pehowa,Kurukshetra,HARYANA
136135,Shahbad,Kurukshetra,HARYANA
136027,Kaithal,Kaithal,HARYANA
136131,Thanesar,Kurukshetra,HARYANA
136128,Pehowa,Kurukshetra,HARYANA
136135,Shahbad,Kurukshetra,HARYANA
124106,Jhajjar,Jhajjar,HARYANA
124108,Jhajjar,Jhajjar,HARYANA
124111,Rohtak,Rohtak,HARYANA
124146,Jhajjar,Jhajjar,HARYANA
124411,Rohtak,Rohtak,HARYANA
124103,Jhajjar,Jhajjar,HARYANA
124406,Rohtak,Rohtak,HARYANA
124505,Bahadurgarh,Jhajjar,HARYANA
124021,Rohtak,Rohtak,HARYANA
124501,Rohtak,Rohtak,HARYANA
124105,Jhajjar,Jhajjar,HARYANA
124105,Jhajjar,Jhajjar,HARYANA
124201,Jhajjar,Jhajjar,HARYANA
124507,Bahadurgarh,Jhajjar,HARYANA
124508,Bahadurgarh,Jhajjar,HARYANA
124507,Bahadurgarh,Jhajjar,HARYANA
124022,Rohtak,Rohtak,HARYANA
124142,Jhajjar,Jhajjar,HARYANA
124514,Mehem,Rohtak,HARYANA
124104,Jhajjar,Jhajjar,HARYANA
124406,Rohtak,Rohtak,HARYANA
124201,Jhajjar,Jhajjar,HARYANA
124010,Rohtak,Rohtak,HARYANA
124401,Rohtak,Rohtak,HARYANA
124105,Jhajjar,Jhajjar,HARYANA
124505,Bahadurgarh,Jhajjar,HARYANA
124411,Rohtak,Rohtak,HARYANA
124505,Bahadurgarh,Jhajjar,HARYANA
124107,Jhajjar,Jhajjar,HARYANA
124022,Mehem,Rohtak,HARYANA
124303,Rohtak,Rohtak,HARYANA
124112,Mehem,Rohtak,HARYANA
124201,Jhajjar,Jhajjar,HARYANA
124104,Jhajjar,Jhajjar,HARYANA
124514,Mehem,Rohtak,HARYANA
124112,Mehem,Rohtak,HARYANA
124112,Mehem,Rohtak,HARYANA
124112,Mehem,Rohtak,HARYANA
124401,Rohtak,Rohtak,HARYANA
124010,Rohtak,Rohtak,HARYANA
124021,Rohtak,Rohtak,HARYANA
124112,Mehem,Rohtak,HARYANA
124501,Rohtak,Rohtak,HARYANA
124111,Rohtak,Rohtak,HARYANA
124501,Rohtak,Rohtak,HARYANA
124108,Jhajjar,Jhajjar,HARYANA
124109,Jhajjar,Jhajjar,HARYANA
124105,Jhajjar,Jhajjar,HARYANA
124146,Jhajjar,Jhajjar,HARYANA
124109,Jhajjar,Jhajjar,HARYANA
124146,Jhajjar,Jhajjar,HARYANA
124102,Jhajjar,Jhajjar,HARYANA
124106,Jhajjar,Jhajjar,HARYANA
124201,Jhajjar,Jhajjar,HARYANA
124021,Rohtak,Rohtak,HARYANA
124001,Rohak,Rohtak,HARYANA
124102,Jhajjar,Jhajjar,HARYANA
124303,Rohtak,Rohtak,HARYANA
124514,Mehem,Rohtak,HARYANA
124504,Bahadurgarh,Jhajjar,HARYANA
124108,Jhajjar,Jhajjar,HARYANA
124107,Jhajjar,Jhajjar,HARYANA
124106,Jhajjar,Jhajjar,HARYANA
124412,Rohtak,Rohtak,HARYANA
124514,Rohtak,Rohtak,HARYANA
124504,Bahadurgarh,Jhajjar,HARYANA
124501,Rohtak,Rohtak,HARYANA
124508,Bahadurgarh,Jhajjar,HARYANA
124508,Bahadurgarh,Jhajjar,HARYANA
124103,Jhajjar,Jhajjar,HARYANA
124103,Jhajjar,Jhajjar,HARYANA
124109,Jhajjar,Jhajjar,HARYANA
124103,Jhajjar,Jhajjar,HARYANA
124501,Rohtak,Rohtak,HARYANA
124105,Jhajjar,Jhajjar,HARYANA
124109,Jhajjar,Jhajjar,HARYANA
124401,Rohtak,Rohtak,HARYANA
124107,Jhajjar,Jhajjar,HARYANA
124412,Rohtak,Rohtak,HARYANA
124201,Jhajjar,Jhajjar,HARYANA
124107,Jhajjar,Jhajjar,HARYANA
124001,Rohtak,Rohtak,HARYANA
124010,Rohtak,Rohtak,HARYANA
124202,Jhajjar,Jhajjar,HARYANA
124102,Jhajjar,Jhajjar,HARYANA
124508,Bahadurgarh,Jhajjar,HARYANA
124112,Mehem,Rohtak,HARYANA
124010,Rohtak,Rohtak,HARYANA
124001,Rohtak,Rohtak,HARYANA
124501,Rohtak,Rohtak,HARYANA
124411,Rohtak,Rohtak,HARYANA
124501,NA,Rohtak,HARYANA
124411,Rohtak,Rohtak,HARYANA
124412,Rohtak,Rohtak,HARYANA
124103,Jhajjar,Jhajjar,HARYANA
124514,NA,Rohtak,HARYANA
124303,Rohtak,Rohtak,HARYANA
124412,Rohtak,Rohtak,HARYANA
124501,Rohtak,Rohtak,HARYANA
124111,Rohtak,Rohtak,HARYANA
124107,Jhajjar,Jhajjar,HARYANA
124508,Bahadurgarh,Jhajjar,HARYANA
124001,Rohtak,Rohtak,HARYANA
124142,Jhajjar,Jhajjar,HARYANA
124105,Jhajjar,Jhajjar,HARYANA
124103,Jhajjar,Jhajjar,HARYANA
124514,Mehem,Rohtak,HARYANA
124103,Jhajjar,Jhajjar,HARYANA
124103,Jhajjar,Jhajjar,HARYANA
124404,Bahadurgarh,Jhajjar,HARYANA
124406,Rohtak,Rohtak,HARYANA
124507,Bahadurgarh,Jhajjar,HARYANA
124501,Rohtak,Rohtak,HARYANA
124104,NA,Jhajjar,HARYANA
124103,Jhajjar,Jhajjar,HARYANA
124505,Bahadurgarh,Jhajjar,HARYANA
124001,Rohtak,Rohtak,HARYANA
124505,Bahadurgarh,Jhajjar,HARYANA
124303,Rohtak,Rohtak,HARYANA
124001,Rohtak,Rohtak,HARYANA
124103,Jhajjar,Jhajjar,HARYANA
124142,NA,Jhajjar,HARYANA
124146,Jhanswakalan,Jhajjar,HARYANA
124106,Jharli,Jhajjar,HARYANA
124303,Rohtak,Rohtak,HARYANA
124104,Jhajjar,Jhajjar,HARYANA
124103,Jondhi,Jhajjar,HARYANA
124104,Jhajjar,Jhajjar,HARYANA
124201,Jhajjar,Jhajjar,HARYANA
124412,Rohtak,Rohtak,HARYANA
124303,Rohtak,Rohtak,HARYANA
124108,Jhajjar,Jhajjar,HARYANA
124412,Rohtak,Rohtak,HARYANA
124113,Rohtak,Rohtak,HARYANA
124021,Rothak,Rohtak,HARYANA
124505,Bahadurgarh,Jhajjar,HARYANA
124406,Rohtak,Rohtak,HARYANA
124010,Rohtak,Rohtak,HARYANA
124021,Rohtak,Rohtak,HARYANA
124109,Jhajar,Jhajjar,HARYANA
124508,Bahadurgarh,Jhajjar,HARYANA
124113,Rohtak,Rohtak,HARYANA
124106,Jhajjar,Jhajjar,HARYANA
124113,Rohtak,Rohtak,HARYANA
124142,Jhajjar,Jhajjar,HARYANA
124514,Mehem,Rohtak,HARYANA
124021,Rohtak,Rohtak,HARYANA
124501,Rohtak,Rohtak,HARYANA
124111,Mehem,Rohtak,HARYANA
124508,Bahadurgarh,Jhajjar,HARYANA
124103,Jahjjar,Jhajjar,HARYANA
124104,Jhajjar,Jhajjar,HARYANA
124105,Jhajjar,Jhajjar,HARYANA
124103,Jhajajr,Jhajjar,HARYANA
124021,Rohtak,Rohtak,HARYANA
124109,Jhajjar,Jhajjar,HARYANA
124303,Rohtak,Rohtak,HARYANA
124142,Jhajjar,Jhajjar,HARYANA
124108,Jhajjar,Jhajjar,HARYANA
124104,Jhajjar,Jhajjar,HARYANA
124401,Rohtak,Rohtak,HARYANA
124505,Bahadurgarh,Jhajjar,HARYANA
124501,Rohtak,Rohtak,HARYANA
124146,Jhamri,Jhajjar,HARYANA
124401,Rohtak,Rohtak,HARYANA
124105,Bahadurgarh,Jhajjar,HARYANA
124505,Bahadurgarh,Jhajjar,HARYANA
124411,Rohtak,Rohtak,HARYANA
124514,Mehem,Rohtak,HARYANA
124507,Bahadurgarh,Jhajjar,HARYANA
124501,Rohtak,Rohtak,HARYANA
124108,Jhajjar,Jhajjar,HARYANA
124508,Bahaudrgarh,Jhajjar,HARYANA
124508,Bahaudrgarh,Jhajjar,HARYANA
124001,Rohtak,Rohtak,HARYANA
124103,Jhajjar,Jhajjar,HARYANA
124108,Jhajjar,Jhajjar,HARYANA
124102,Jhajjar,Jhajjar,HARYANA
124111,Mehem,Rohtak,HARYANA
124507,Bahadurgarh,Jhajjar,HARYANA
124021,Rohtak,Rohtak,HARYANA
124202,Jhajjar,Jhajjar,HARYANA
124401,Rohtak,Rohtak,HARYANA
124506,Bahadurgarh,Jhajjar,HARYANA
124010,Rohtak,Rohtak,HARYANA
124106,Jhajjar,Jhajjar,HARYANA
124501,Rohtak,Rohtak,HARYANA
124106,Jhajjar,Jhajjar,HARYANA
124001,Rohtak,Rohtak,HARYANA
124112,Mehem,Rohtak,HARYANA
124102,Jhajjar,Jhajjar,HARYANA
124001,Rohtak,Rohtak,HARYANA
124022,Mehem,Rohtak,HARYANA
124406,Rohtak,Rohtak,HARYANA
124146,Jhajjar,Jhajjar,HARYANA
124106,Jhajjar,Jhajjar,HARYANA
124401,Rohtak,Rohtak,HARYANA
124501,Rohtak,Rohtak,HARYANA
124514,Mehem,Rohtak,HARYANA
124501,Rohtak,Rohtak,HARYANA
124104,Jhajjar,Jhajjar,HARYANA
124514,Mehem,Rohtak,HARYANA
124113,Rohtak,Rohtak,HARYANA
124146,Jhajjar,Jhajjar,HARYANA
124404,Rohtak,Rohtak,HARYANA
124513,Mehem,Rohtak,HARYANA
124109,Jhajjar,Jhajjar,HARYANA
124108,Jhajjar,Jhajjar,HARYANA
124106,NA,Jhajjar,HARYANA
124508,Bahadurgarh,Jhajjar,HARYANA
124401,Rohtak,Rohtak,HARYANA
124103,Jhajjar,Jhajjar,HARYANA
124108,Jhajjar,Jhajjar,HARYANA
124411,Rohtak,Rohtak,HARYANA
124021,Rohtak,Rohtak,HARYANA
124105,Jhajjar,Jhajjar,HARYANA
124202,Jhajjar,Jhajjar,HARYANA
124401,Rohtak,Rohtak,HARYANA
124010,Rohtak,Rohtak,HARYANA
124141,Rohtak,Rohtak,HARYANA
124504,Bahadurgarh,Jhajjar,HARYANA
124201,Jhajjar,Jhajjar,HARYANA
124303,Rohtak,Rohtak,HARYANA
124501,Rohtak,Rohtak,HARYANA
124001,Rohtak,Rohtak,HARYANA
124001,Rohtak,Rohtak,HARYANA
124001,Rohtak,Rohtak,HARYANA
124401,Rohtak,Rohtak,HARYANA
124146,Jhajjar,Jhajjar,HARYANA
124112,NA,Rohtak,HARYANA
124514,Rohtak,Rohtak,HARYANA
124109,Jhajjr,Jhajjar,HARYANA
124404,Rohtak,Rohtak,HARYANA
124113,Rohtak,Rohtak,HARYANA
124501,Bahadurgarh,Jhajjar,HARYANA
124303,Rohtak,Rohtak,HARYANA
124508,Bahadurgarh,Jhajjar,HARYANA
124106,Jhajjar,Jhajjar,HARYANA
124001,Rohtak,Rohtak,HARYANA
124106,Jhajjar,Jhajjar,HARYANA
124102,Jhajjar,Jhajjar,HARYANA
124202,Jhajjar,Jhajjar,HARYANA
124001,Rohtak,Rohtak,HARYANA
124103,Jhajjar,Jhajjar,HARYANA
124103,Jhajjar,Jhajjar,HARYANA
124514,Rohtak,Rohtak,HARYANA
124112,Mehem,Rohtak,HARYANA
124508,Bahadurarh,Jhajjar,HARYANA
124105,Jhajjar,Jhajjar,HARYANA
124109,Jhajjar,Jhajjar,HARYANA
124104,Jhajjar,Jhajjar,HARYANA
124103,Jhajjar,Jhajjar,HARYANA
124010,Rohtak,Rohtak,HARYANA
124412,Rohtak,Rohtak,HARYANA
124514,Rohtak,Rohtak,HARYANA
124109,Jhajjar,Jhajjar,HARYANA
124103,Jhajjar,Jhajjar,HARYANA
124506,Jhajjar,Jhajjar,HARYANA
124514,Rohtak,Rohtak,HARYANA
124109,NA,Jhajjar,HARYANA
124104,Jhajjar,Jhajjar,HARYANA
124103,Jhajjar,Jhajjar,HARYANA
124103,Jhajjr,Jhajjar,HARYANA
131101,NA,Sonipat,HARYANA
131301,NA,Sonipat,HARYANA
131103,NA,Sonipat,HARYANA
131409,NA,Sonipat,HARYANA
131027,Sonipat,Sonipat,HARYANA
131023,NA,Sonipat,HARYANA
131001,Sonipat,Sonipat,HARYANA
131403,Sonipat,Sonipat,HARYANA
131021,Sonipat,Sonipat,HARYANA
131102,NA,Sonipat,HARYANA
131301,NA,Sonipat,HARYANA
131101,Ganaur,Sonipat,HARYANA
131304,NA,Sonipat,HARYANA
131101,Ganaur,Sonipat,HARYANA
131304,Sonipat,Sonipat,HARYANA
131021,NA,Sonipat,HARYANA
131402,NA,Sonipat,HARYANA
131301,NA,Sonipat,HARYANA
131001,NA,Sonipat,HARYANA
131001,NA,Sonipat,HARYANA
131101,Ganaur,Sonipat,HARYANA
131039,NA,Sonipat,HARYANA
131409,NA,Sonipat,HARYANA
131301,NA,Sonipat,HARYANA
131022,NA,Sonipat,HARYANA
131302,NA,Sonipat,HARYANA
131001,Sonipat,Sonipat,HARYANA
131301,NA,Sonipat,HARYANA
131301,NA,Sonipat,HARYANA
131402,NA,Sonipat,HARYANA
131403,NA,Sonipat,HARYANA
131024,NA,Sonipat,HARYANA
131301,Gohana,Sonipat,HARYANA
131306,NA,Sonipat,HARYANA
131302,NA,Sonipat,HARYANA
131304,NA,Sonipat,HARYANA
131306,NA,Sonipat,HARYANA
131103,NA,Sonipat,HARYANA
131301,NA,Sonipat,HARYANA
131306,NA,Sonipat,HARYANA
131101,NA,Sonipat,HARYANA
131021,NA,Sonipat,HARYANA
131001,Sonipat,Sonipat,HARYANA
131304,NA,Sonipat,HARYANA
131306,NA,Sonipat,HARYANA
131039,Sonipat,Sonipat,HARYANA
131408,NA,Sonipat,HARYANA
131001,NA,Sonipat,HARYANA
131402,NA,Sonipat,HARYANA
131101,Ganaur,Sonipat,HARYANA
131101,NA,Sonipat,HARYANA
131305,NA,Sonipat,HARYANA
131302,NA,Sonipat,HARYANA
131001,Sonipat,Sonipat,HARYANA
131101,Ganaur,Sonipat,HARYANA
131408,NA,Sonipat,HARYANA
131302,NA,Sonipat,HARYANA
131101,Ganaur,Sonipat,HARYANA
131409,NA,Sonipat,HARYANA
131301,Gohana,Sonipat,HARYANA
131001,Sonipat,Sonipat,HARYANA
131301,NA,Sonipat,HARYANA
131402,NA,Sonipat,HARYANA
131408,NA,Sonipat,HARYANA
131408,NA,Sonipat,HARYANA
131101,Ganaur,Sonipat,HARYANA
131103,NA,Sonipat,HARYANA
131001,NA,Sonipat,HARYANA
131001,Sonipat,Sonipat,HARYANA
131001,Sonipat,Sonipat,HARYANA
131028,Sonipat,Sonipat,HARYANA
131301,NA,Sonipat,HARYANA
131027,NA,Sonipat,HARYANA
131023,NA,Sonipat,HARYANA
131028,NA,Sonipat,HARYANA
131408,NA,Sonipat,HARYANA
131029,NA,Sonipat,HARYANA
131301,NA,Sonipat,HARYANA
131306,NA,Sonipat,HARYANA
131403,NA,Sonipat,HARYANA
131302,Gohana,Sonipat,HARYANA
131023,NA,Sonipat,HARYANA
131024,NA,Sonipat,HARYANA
131102,NA,Sonipat,HARYANA
131001,NA,Sonipat,HARYANA
131403,NA,Sonipat,HARYANA
131305,Gohana,Sonipat,HARYANA
131024,NA,Sonipat,HARYANA
131305,NA,Sonipat,HARYANA
131301,NA,Sonipat,HARYANA
131301,Gohana,Sonipat,HARYANA
131409,NA,Sonipat,HARYANA
131402,NA,Sonipat,HARYANA
131301,NA,Sonipat,HARYANA
131305,NA,Sonipat,HARYANA
131402,Kharkhoda,Sonipat,HARYANA
131301,NA,Sonipat,HARYANA
131101,Ganaur,Sonipat,HARYANA
131103,NA,Sonipat,HARYANA
131021,NA,Sonipat,HARYANA
131101,NA,Sonipat,HARYANA
131101,Ganaur,Sonipat,HARYANA
131302,NA,Sonipat,HARYANA
131402,NA,Sonipat,HARYANA
131028,Sonipat,Sonipat,HARYANA
131039,NA,Sonipat,HARYANA
131039,NA,Sonipat,HARYANA
131301,NA,Sonipat,HARYANA
131001,Sonipat,Sonipat,HARYANA
131301,NA,Sonipat,HARYANA
131024,NA,Sonipat,HARYANA
131301,NA,Sonipat,HARYANA
131027,NA,Sonipat,HARYANA
131023,NA,Sonipat,HARYANA
131103,NA,Sonipat,HARYANA
131001,NA,Sonipat,HARYANA
131301,NA,Sonipat,HARYANA
131001,Sonipat,Sonipat,HARYANA
131001,NA,Sonipat,HARYANA
131301,NA,Sonipat,HARYANA
131102,NA,Sonipat,HARYANA
131306,NA,Sonipat,HARYANA
131027,NA,Sonipat,HARYANA
131103,NA,Sonipat,HARYANA
131103,NA,Sonipat,HARYANA
131023,NA,Sonipat,HARYANA
131029,Sonipat,Sonipat,HARYANA
131301,NA,Sonipat,HARYANA
131302,NA,Sonipat,HARYANA
131302,NA,Sonipat,HARYANA
131029,Sonipat,Sonipat,HARYANA
131101,Ganaur,Sonipat,HARYANA
131102,NA,Sonipat,HARYANA
131402,NA,Sonipat,HARYANA
131402,NA,Sonipat,HARYANA
131039,NA,Sonipat,HARYANA
131029,NA,Sonipat,HARYANA
131102,NA,Sonipat,HARYANA
131102,NA,Sonipat,HARYANA
131301,NA,Sonipat,HARYANA
131021,Sonipat,Sonipat,HARYANA
131301,NA,Sonipat,HARYANA
131029,NA,Sonipat,HARYANA
131101,NA,Sonipat,HARYANA
131001,Sonipat,Sonipat,HARYANA
131001,NA,Sonipat,HARYANA
131001,Sonipat,Sonipat,HARYANA
131001,NA,Sonipat,HARYANA
131304,NA,Sonipat,HARYANA
131001,Sonipat,Sonipat,HARYANA
131409,NA,Sonipat,HARYANA
131403,NA,Sonipat,HARYANA
131402,NA,Sonipat,HARYANA
131024,NA,Sonipat,HARYANA
131301,NA,Sonipat,HARYANA
131402,NA,Sonipat,HARYANA
131022,NA,Sonipat,HARYANA
131001,NA,Sonipat,HARYANA
131039,NA,Sonipat,HARYANA
131305,NA,Sonipat,HARYANA
131402,NA,Sonipat,HARYANA
131028,NA,Sonipat,HARYANA
131306,NA,Sonipat,HARYANA
131001,NA,Sonipat,HARYANA
131101,NA,Sonipat,HARYANA
131301,NA,Sonipat,HARYANA
131408,NA,Sonipat,HARYANA
131024,NA,Sonipat,HARYANA
131402,NA,Sonipat,HARYANA
131001,Sonipat,Sonipat,HARYANA
131001,Sonipat,Sonipat,HARYANA
131001,Sonipat,Sonipat,HARYANA
131001,Sonipat,Sonipat,HARYANA
131402,NA,Sonipat,HARYANA
131001,NA,Sonipat,HARYANA
131301,NA,Sonipat,HARYANA
131022,NA,Sonipat,HARYANA
