737135,Ranipool,East Sikkim,SIKKIM
737133,Rhenock,East Sikkim,SIKKIM
737133,Rhenock,East Sikkim,SIKKIM
737111,Gayzing,West Sikkim,SIKKIM
737121,Jorethang,West Sikkim,SIKKIM
737135,Ranipool,East Sikkim,SIKKIM
737126,Namchi,South Sikkim,SIKKIM
737134,Singtam,East Sikkim,SIKKIM
737139,Ravangla,South Sikkim,SIKKIM
737139,Ravangla,South Sikkim,SIKKIM
737139,Ravangla,South Sikkim,SIKKIM
737106,Pakyong,East Sikkim,SIKKIM
737113,Pelling,East Sikkim,SIKKIM
737134,Singtam,East Sikkim,SIKKIM
737134,Singtam,East Sikkim,SIKKIM
737111,Gayzing,West Sikkim,SIKKIM
737103,Gangtok,East Sikkim,SIKKIM
737103,Gangtok,East Sikkim,SIKKIM
737121,Jorethang,West Sikkim,SIKKIM
737121,Jorethang,West Sikkim,SIKKIM
737121,Jorethang,West Sikkim,SIKKIM
737106,Pakyong,East Sikkim,SIKKIM
737111,Gayzing,West Sikkim,SIKKIM
737103,Gangtok,East Sikkim,SIKKIM
737131,Rangli,East Sikkim,SIKKIM
737121,Jorethang,West Sikkim,SIKKIM
737120,Chungthang,North Sikkim,SIKKIM
737131,Rangli,East Sikkim,SIKKIM
737126,Namchi,South Sikkim,SIKKIM
737113,Pelling,West Sikkim,SIKKIM
737113,Pelling,West Sikkim,SIKKIM
737102,Gangtok,East Sikkim,SIKKIM
737102,Gangtok,East Sikkim,SIKKIM
737107,Dikchu,East Sikkim,SIKKIM
737134,Singtam,East Sikkim,SIKKIM
737132,Rangpo,East Sikkim,SIKKIM
737132,Rangpo,East Sikkim,SIKKIM
737134,Singtam,East Sikkim,SIKKIM
737101,Gangtok,East Sikkim,SIKKIM
737101,Gangtok,East Sikkim,SIKKIM
737111,Gayzing,West Sikkim,SIKKIM
737111,Gayzing,West Sikkim,SIKKIM
737102,Gangtok,East Sikkim,SIKKIM
737107,Dikchu,East Sikkim,SIKKIM
737113,Pelling,West Sikkim,SIKKIM
737117,Mangan,North Sikkim,SIKKIM
737113,Pelling,West Sikkim,SIKKIM
737111,Gayzing,West Sikkim,SIKKIM
737113,Pelling,West Sikkim,SIKKIM
737106,Pakyong,East Sikkim,SIKKIM
737132,Rangpo,East Sikkim,SIKKIM
737128,Melli,South Sikkim,SIKKIM
737139,Ravangla,South Sikkim,SIKKIM
737134,Singtam,East Sikkim,SIKKIM
737113,Pelling,West Sikkim,SIKKIM
737126,Namchi,South Sikkim,SIKKIM
737134,Singtam,East Sikkim,SIKKIM
737102,Namchi,South Sikkim,SIKKIM
737102,Gangtok,East Sikkim,SIKKIM
737120,Chungthang,North Sikkim,SIKKIM
737120,Chungthang,North Sikkim,SIKKIM
737131,Rangli,East Sikkim,SIKKIM
737111,Gayzing,West Sikkim,SIKKIM
737111,Gayzing,West Sikkim,SIKKIM
737116,Mangan,North Sikkim,SIKKIM
737103,Gangtok,East Sikkim,SIKKIM
737102,Gangtok,East Sikkim,SIKKIM
737134,Singtam,East Sikkim,SIKKIM
737134,Singtam,East Sikkim,SIKKIM
737131,Rangli,East Sikkim,SIKKIM
737116,Mangan,North Sikkim,SIKKIM
737134,Singtam,East Sikkim,SIKKIM
737106,Pakyong,East Sikkim,SIKKIM
737116,Mangan,North Sikkim,SIKKIM
737103,Gangtok,East Sikkim,SIKKIM
737107,Dikchu,East Sikkim,SIKKIM
737128,Melli,South Sikkim,SIKKIM
737134,Singtam,East Sikkim,SIKKIM
737121,Jorethang,West Sikkim,SIKKIM
737136,Rangpo,East Sikkim,SIKKIM
737138,Singtam,East Sikkim,SIKKIM
737121,Jorethang,West Sikkim,SIKKIM
737132,Rangpo,East Sikkim,SIKKIM
737132,Rangpo,East Sikkim,SIKKIM
737116,Mangan,North Sikkim,SIKKIM
737126,Namchi,South Sikkim,SIKKIM
737128,Melli,South Sikkim,SIKKIM
737116,Mangan,North Sikkim,SIKKIM
737113,Pelling,West Sikkim,SIKKIM
737128,Melli,South Sikkim,SIKKIM
737128,Melli,South Sikkim,SIKKIM
737116,Mangan,North Sikkim,SIKKIM
737126,Namchi,South Sikkim,SIKKIM
737135,Ranipool,East Sikkim,SIKKIM
737120,Chungthang,North Sikkim,SIKKIM
737106,Pakyong,East Sikkim,SIKKIM
737126,Namchi,South Sikkim,SIKKIM
737116,Mangan,North Sikkim,SIKKIM
737134,Singtam,East Sikkim,SIKKIM
737113,Pelling,West Sikkim,SIKKIM
737132,Rangpo,East Sikkim,SIKKIM
737135,Ranipool / Gangtok,East Sikkim,SIKKIM
737126,Namchi,South Sikkim,SIKKIM
737121,Jorethang,West Sikkim,SIKKIM
737134,Singtam,East Sikkim,SIKKIM
737134,Singtam,East Sikkim,SIKKIM
737131,Rangli,East Sikkim,SIKKIM
737121,Jorethang,South Sikkim,SIKKIM
737126,Namchi,South Sikkim,SIKKIM
737102,Gangtok,East Sikkim,SIKKIM
737106,Pakyong,East Sikkim,SIKKIM
737106,Pakyong,East Sikkim,SIKKIM
737131,Rangli,East Sikkim,SIKKIM
737128,Melli,South Sikkim,SIKKIM
737113,Pelling,West Sikkim,SIKKIM
737103,Gangtok,East Sikkim,SIKKIM
737126,Namchi,South Sikkim,SIKKIM
737131,Rangli,East Sikkim,SIKKIM
737126,Namchi,South Sikkim,SIKKIM
737139,Ravangla,South Sikkim,SIKKIM
737116,Mangan,North Sikkim,SIKKIM
737118,Mangan,North Sikkim,SIKKIM
737119,Mangan,North Sikkim,SIKKIM
737121,Jorethang,South Sikkim,SIKKIM
737126,Namchi,South Sikkim,SIKKIM
737113,Pelling,West Sikkim,SIKKIM
737103,Gangtok,East Sikkim,SIKKIM
737107,Dikchu,East Sikkim,SIKKIM
737139,Ravangla,South Sikkim,SIKKIM
737107,Dikchu,East Sikkim,SIKKIM
737116,Mangan,North Sikkim,SIKKIM
737131,Rangli,East Sikkim,SIKKIM
737132,Rangpo,East Sikkim,SIKKIM
737116,Mangan,North Sikkim,SIKKIM
737111,Gayzing,West Sikkim,SIKKIM
737135,Gangtok,East Sikkim,SIKKIM
737128,Melli,South Sikkim,SIKKIM
737135,Ranipool / Gangtok,East Sikkim,SIKKIM
737139,Ravangla,South Sikkim,SIKKIM
737135,Ranipool,East Sikkim,SIKKIM
737121,Jorethang,South Sikkim,SIKKIM
737133,Rhenock,East Sikkim,SIKKIM
737121,Jorethang,South Sikkim,SIKKIM
737113,Pelling,West Sikkim,SIKKIM
737111,Gayzing,West Sikkim,SIKKIM
737131,Rangli,East Sikkim,SIKKIM
737126,Namchi,South Sikkim,SIKKIM
737133,Rhenock,East Sikkim,SIKKIM
737135,Ranipool,East Sikkim,SIKKIM
737128,Melli,South Sikkim,SIKKIM
737134,Singtam,East Sikkim,SIKKIM
737107,Dikchu,East Sikkim,SIKKIM
737102,Gangtok,East Sikkim,SIKKIM
737135,Ranipool,East Sikkim,SIKKIM
737121,Jorethang,South Sikkim,SIKKIM
737121,Jorethang,South Sikkim,SIKKIM
737116,Mangan,North Sikkim,SIKKIM
737134,Singtam,East Sikkim,SIKKIM
737139,Ravangla,South Sikkim,SIKKIM
737126,Namchi,South Sikkim,SIKKIM
737102,Gangtok,East Sikkim,SIKKIM
737120,Chungthang,North Sikkim,SIKKIM
737133,Rhenock,East Sikkim,SIKKIM
737101,Gangtok,East Sikkim,SIKKIM
737134,Singtam,East Sikkim,SIKKIM
737111,Gayzing,West Sikkim,SIKKIM
737116,Mangan,North Sikkim,SIKKIM
737126,Namchi,South Sikkim,SIKKIM
737134,Singtam,East Sikkim,SIKKIM
737102,East District,East Sikkim,SIKKIM
737121,Jorethang,South Sikkim,SIKKIM
737134,Singtam,East Sikkim,SIKKIM
737121,Jorethang,South Sikkim,SIKKIM
737126,Namchi,South Sikkim,SIKKIM
737131,Rangli,East Sikkim,SIKKIM
737121,Jorethang,West Sikkim,SIKKIM
737133,Rhenock,East Sikkim,SIKKIM
737121,Jorethang,West Sikkim,SIKKIM
737128,Melli,South Sikkim,SIKKIM
737134,Singtam,East Sikkim,SIKKIM
737102,Gangtok,East Sikkim,SIKKIM
737121,Jorethang,West Sikkim,SIKKIM
737134,Singtam,East Sikkim,SIKKIM
737111,Gayzing,West Sikkim,SIKKIM
737103,Gangtok,East Sikkim,SIKKIM
737133,Rhenock,East Sikkim,SIKKIM
737134,Singtam,East Sikkim,SIKKIM
737121,Jorethang,West Sikkim,SIKKIM
737113,Pelling,West Sikkim,SIKKIM
737121,Jorethang,West Sikkim,SIKKIM
737121,Jorethang,West Sikkim,SIKKIM
737116,Mangan,North Sikkim,SIKKIM
737139,Ravangla,South Sikkim,SIKKIM
737116,Mangan,North Sikkim,SIKKIM
737139,Ravangla,South Sikkim,SIKKIM
737106,Pakyong,East Sikkim,SIKKIM
737134,Singtam,East Sikkim,SIKKIM
737128,Melli,South Sikkim,SIKKIM
737132,Rangpo,East Sikkim,SIKKIM
737133,Rhenock,East Sikkim,SIKKIM
737133,Rhenock,East Sikkim,SIKKIM
737135,Ranipool / Gangtok,East Sikkim,SIKKIM
737132,Rangpo,East Sikkim,SIKKIM
737113,Pelling,West Sikkim,SIKKIM
737134,Singtam,East Sikkim,SIKKIM
737126,Namchi,South Sikkim,SIKKIM
737111,Gayzing,West Sikkim,SIKKIM
737111,Gayzing,West Sikkim,SIKKIM
737134,Singtam,East Sikkim,SIKKIM
737113,Pelling,West Sikkim,SIKKIM
737121,Jorethang,West Sikkim,SIKKIM
